worker_id	gender	english_first_language	age_group	education
85	female	0	18-30	bachelors
1617	female	0	45-60	bachelors
1394	female	0		bachelors
311	male	0	30-45	bachelors
1980	male	0	45-60	masters
1824	male	0	18-30	hs
296	male	0	18-30	hs
3937	male	0	30-45	professional
1512	female	0	30-45	masters
581	male	0	30-45	hs
3980	female	0	30-45	bachelors
5	male	0	18-30	professional
2832	female	1	30-45	some
178	male	0	30-45	masters
1669	male	0	30-45	bachelors
533	male	0	30-45	bachelors
485	female	1	30-45	doctorate
168	male	0	18-30	bachelors
4060	male	0	30-45	hs
1855	female	0	45-60	hs
1226	male	1	18-30	bachelors
469	male	0	30-45	bachelors
947	male	0	18-30	bachelors
50	male	0	30-45	hs
3888	male	0	30-45	hs
3852	female	0	18-30	professional
1812	male	0	18-30	bachelors
525	female	0	18-30	masters
263	male	0	18-30	hs
1826	female	0	18-30	masters
19	male	0	30-45	bachelors
39	male	0	45-60	hs
79	male	0	30-45	professional
3622	male	0	18-30	bachelors
351	male	0	30-45	professional
799	female	0		masters
144	female	1	18-30	bachelors
176	male	0	45-60	hs
13	male	0	18-30	hs
1550	male	0	18-30	professional
212	male	0	30-45	masters
345	male	0	30-45	professional
2738	male	1	18-30	bachelors
544	male	0	18-30	hs
98	female	0	30-45	hs
126	female	0	45-60	bachelors
1756	female	0	18-30	bachelors
242	male	0	30-45	masters
3788	male	0	45-60	professional
1505	male	0	18-30	masters
350	male	1	45-60	hs
3221	male	0		hs
48	male	0	30-45	bachelors
1521	male	1	18-30	bachelors
845	female	0	45-60	hs
118	male	0	18-30	bachelors
1773	male	0	18-30	bachelors
444	male	0	18-30	masters
1583	male	0	30-45	bachelors
423	male	1	18-30	professional
3471	female	0	30-45	hs
3554	male	0	18-30	hs
685	male	0	18-30	hs
1268	female	0	18-30	bachelors
201	male	0	30-45	hs
1612	female	0	18-30	bachelors
1266	male	0	18-30	professional
67	male	0	30-45	professional
3099	female	0	30-45	hs
774	female	0	18-30	hs
1898	male	0	18-30	professional
3691	female	0	30-45	doctorate
3369	female	0	30-45	professional
1909	male	0	18-30	professional
807	male	1	18-30	professional
3421	male	0	30-45	bachelors
105	female	0	30-45	hs
80	male	0	18-30	bachelors
446	male	0	45-60	bachelors
209	female	0	30-45	bachelors
1666	female	0	18-30	bachelors
445	male	0	45-60	hs
2009	male	0	30-45	hs
1514	male	0	Under 18	hs
517	male	0	45-60	hs
2460	male	0	18-30	hs
1290	male	0	18-30	bachelors
114	female	0	45-60	professional
1788	female	0	30-45	bachelors
260	male	0	30-45	hs
1242	male	0	18-30	professional
12	male	1	30-45	bachelors
73	male	0	30-45	professional
1960	male	0	30-45	bachelors
3530	female	0	30-45	bachelors
1503	male	0	18-30	bachelors
1022	male	0	18-30	doctorate
238	male	0	45-60	masters
1078	male	0	45-60	masters
243	female	0	18-30	hs
879	female	1	18-30	hs
499	male	0	18-30	hs
194	male	0	18-30	hs
770	male	0	30-45	hs
1815	female	0	30-45	bachelors
449	male	0	18-30	bachelors
1305	male	0	18-30	hs
285	female	0	30-45	professional
2663	female	0	18-30	masters
3571	female	1	18-30	masters
2071	male	0	18-30	hs
157	male	0	18-30	hs
694	male	0	18-30	hs
2055	male	0	18-30	hs
467	male	0	18-30	some
147	female	0	Under 18	hs
409	male	0	18-30	bachelors
86	female	0	18-30	professional
511	male	0	18-30	bachelors
3423	male	1	18-30	bachelors
2514	female	1	30-45	bachelors
2246	male	0	18-30	some
477	female	1	30-45	hs
2015	male	0		hs
597	male	0	45-60	hs
1694	female	0	30-45	bachelors
649	male	0	30-45	bachelors
70	male	1	30-45	bachelors
435	male	0	30-45	hs
1816	male	1	30-45	bachelors
287	female	0	18-30	masters
447	male	0	18-30	hs
18	male	0	18-30	hs
2786	female	0	45-60	bachelors
540	male	0	30-45	hs
3756	female	1	30-45	bachelors
2136	female	0	30-45	professional
1648	male	0	18-30	bachelors
619	male	0	18-30	professional
442	male	0	18-30	bachelors
3851	female	1	18-30	bachelors
2177	male	0	30-45	hs
1936	male	0	18-30	hs
3026	male	0	18-30	doctorate
125	male	0	30-45	hs
74	male	1	18-30	bachelors
64	male	1	30-45	bachelors
716	male	0	18-30	hs
1633	male	0	30-45	bachelors
974	male	1	18-30	bachelors
699	female	0	18-30	bachelors
1783	male	1	18-30	hs
2930	female	0	45-60	professional
1854	female	0	18-30	professional
362	male	0	30-45	bachelors
1379	female	0	30-45	bachelors
557	male	0	18-30	hs
40	male	0	30-45	hs
1900	female	1	18-30	masters
1840	female	0	30-45	bachelors
538	male	0	30-45	bachelors
1570	male	0	30-45	professional
3091	female	0	45-60	hs
69	male	0	30-45	hs
1382	male	0	18-30	bachelors
1236	male	0	18-30	hs
1181	male	0	45-60	some
3576	male	1	18-30	bachelors
81	male	0	18-30	hs
136	female	0	30-45	hs
751	female	0	18-30	bachelors
305	male	0	18-30	bachelors
643	male	0	18-30	some
44	male	0	30-45	professional
1698	female	0	30-45	bachelors
1748	male	1	30-45	masters
1957	male	0	18-30	masters
210	male	0	18-30	bachelors
325	male	0	30-45	masters
2475	male	0	18-30	bachelors
742	male	0	18-30	masters
3579	female	0	45-60	professional
3892	male	1	30-45	bachelors
2936	female	1	45-60	hs
2711	female	0	18-30	bachelors
186	male	0	18-30	bachelors
642	male	0	18-30	bachelors
1338	male	0	18-30	bachelors
645	male	0	18-30	hs
632	male	0	18-30	bachelors
639	female	0	18-30	masters
550	female	0	30-45	masters
883	male	1	30-45	bachelors
123	female	0	18-30	bachelors
1430	female	1	18-30	bachelors
1829	male	0	30-45	bachelors
636	female	0	30-45	bachelors
2156	female	0	30-45	masters
628	male	0	18-30	professional
994	male	1	30-45	masters
328	female	0	30-45	bachelors
1546	female	0	18-30	professional
625	male	0	18-30	masters
1798	male	0	18-30	hs
425	male	0	45-60	hs
323	female	0	30-45	bachelors
2693	male	0	18-30	hs
1588	male	0	30-45	professional
2354	male	1	30-45	hs
230	male	0	30-45	hs
2450	male	0	18-30	hs
302	male	0	45-60	hs
2321	male	0	18-30	bachelors
691	male	0	18-30	masters
2688	female	0	18-30	bachelors
134	male	0	18-30	bachelors
1397	female	0	30-45	bachelors
2476	male	0	18-30	bachelors
662	male	0	18-30	bachelors
646	female	0	30-45	bachelors
4141	female	0	30-45	hs
2901	male	0	30-45	masters
934	male	0	30-45	professional
2141	female	1	30-45	bachelors
265	female	0	18-30	masters
347	male	0	30-45	bachelors
2391	female	0	30-45	bachelors
276	male	0	30-45	hs
1032	male	0	30-45	hs
2432	female	0	18-30	some
2162	male	0	18-30	hs
1113	male	0	18-30	masters
891	female	0	18-30	bachelors
800	male	0	30-45	bachelors
651	male	0	18-30	bachelors
492	male	1	45-60	bachelors
1179	female	0	30-45	some
2014	male	0	18-30	bachelors
3156	female	1	18-30	masters
903	male	0	18-30	professional
200	male	0	30-45	professional
1995	male	0	30-45	masters
926	male	0	18-30	bachelors
515	male	1	18-30	hs
101	male	0	18-30	masters
494	male	0	30-45	bachelors
466	male	0	18-30	hs
3291	male	0	45-60	professional
634	female	0	30-45	masters
1073	male	1	30-45	hs
121	male	0	18-30	bachelors
1603	male	0	18-30	masters
2124	female	0	30-45	masters
3160	male	0	45-60	bachelors
2268	male	0	30-45	masters
626	male	0	18-30	hs
1641	male	0	18-30	hs
652	male	0	30-45	bachelors
997	male	0	18-30	some
3132	female	1	30-45	bachelors
1513	female	0	18-30	bachelors
719	male	1	30-45	hs
2207	male	0	45-60	hs
191	female	0	30-45	hs
929	female	0	18-30	bachelors
374	male	0	18-30	doctorate
3285	male	1	30-45	bachelors
2889	female	0	30-45	bachelors
653	male	0	18-30	bachelors
1998	male	0	30-45	hs
1646	male	0	30-45	masters
158	male	0	18-30	bachelors
1814	male	0	30-45	bachelors
43	male	0	18-30	bachelors
545	male	0	18-30	masters
2235	female	0	30-45	hs
1528	male	0	18-30	professional
1885	female	0	18-30	hs
2178	male	1	18-30	bachelors
3125	female	0	30-45	bachelors
234	female	0	30-45	professional
644	male	0	18-30	hs
181	male	0	30-45	bachelors
560	male	1	18-30	bachelors
1487	female	0	30-45	bachelors
3676	female	0	45-60	hs
4076	female	1	30-45	masters
839	male	0	18-30	bachelors
4021	male	0	30-45	hs
3440	male	1	18-30	bachelors
4184	female	0	18-30	hs
605	female	0	30-45	some
1893	male	0	30-45	professional
468	female	0	30-45	bachelors
629	female	0	30-45	hs
1451	male	0	30-45	bachelors
1233	male	0	30-45	bachelors
203	male	0	18-30	hs
588	male	0	18-30	bachelors
21	male	0	18-30	hs
1411	female	0	45-60	professional
3016	male	0	18-30	masters
650	male	0	18-30	bachelors
490	male	0	45-60	hs
1493	male	0	30-45	bachelors
1081	male	0	30-45	professional
3283	female	0	30-45	hs
2392	male	1	30-45	professional
1161	male	0	18-30	masters
60	male	0	18-30	bachelors
1283	female	0	30-45	professional
190	female	0	18-30	bachelors
1527	male	0	18-30	hs
2606	male	0	30-45	hs
2803	male	0	30-45	professional
1985	female	0	30-45	bachelors
718	female	0	30-45	hs
1354	female	0	30-45	bachelors
2279	male	0	Under 18	bachelors
3034	male	0	18-30	bachelors
2674	female	0	18-30	bachelors
1160	female	0	30-45	hs
2335	male	1	30-45	masters
3848	male	1	30-45	bachelors
1064	male	0	18-30	hs
2463	male	0	18-30	bachelors
156	male	0	30-45	bachelors
1044	male	1	30-45	bachelors
912	male	0	30-45	professional
2516	female	1	18-30	masters
301	male	0	18-30	bachelors
3619	male	0	18-30	hs
410	female	0	18-30	bachelors
132	male	0	18-30	bachelors
1971	male	0	18-30	professional
1310	male	0	30-45	hs
3555	female	1	45-60	bachelors
2579	male	0	30-45	masters
420	male	1	18-30	masters
1600	female	0	30-45	professional
2204	female	0	18-30	professional
1039	male	0	45-60	bachelors
1415	female	0	45-60	masters
536	male	0	30-45	masters
84	female	0	18-30	masters
164	female	0	30-45	bachelors
4201	female	0	18-30	bachelors
2073	female	0	30-45	bachelors
665	female	0	30-45	professional
2097	male	0	30-45	masters
3415	female	0	30-45	professional
2031	male	0	18-30	hs
575	male	0	18-30	hs
2546	male	0	18-30	professional
833	male	0	18-30	hs
2383	female	0	45-60	bachelors
292	male	0	45-60	bachelors
1143	female	0	30-45	hs
2208	male	0	18-30	hs
1589	female	0	30-45	professional
236	male	0	30-45	bachelors
1598	female	0	45-60	bachelors
2205	male	0	30-45	professional
1615	male	1	18-30	professional
816	female	0	18-30	hs
346	male	0	30-45	hs
1790	male	0	30-45	hs
45	female	1	18-30	bachelors
608	male	0	18-30	masters
2394	male	0	18-30	professional
772	male	0	18-30	bachelors
1055	male	0	18-30	professional
873	male	1	30-45	professional
3233	male	0	30-45	bachelors
2399	male	0	18-30	bachelors
272	female	0	30-45	hs
2503	male	0	30-45	bachelors
2485	male	1	30-45	bachelors
1845	male	0	45-60	hs
3100	female	1	18-30	bachelors
2304	male	0	18-30	professional
184	female	0	30-45	masters
1497	female	0	18-30	masters
563	male	0	30-45	bachelors
531	female	0	18-30	hs
2050	female	1	18-30	bachelors
1973	male	0	18-30	hs
2381	male	1	45-60	masters
761	male	0	30-45	bachelors
2130	male	0	45-60	doctorate
2389	female	0	18-30	bachelors
598	female	0	18-30	masters
429	male	0	30-45	hs
2950	female	1	18-30	bachelors
320	male	0	18-30	professional
4010	male	0		masters
2059	male	0	18-30	bachelors
1931	female	1	45-60	hs
3535	female	0	18-30	bachelors
1404	male	0	18-30	masters
1925	male	0	18-30	hs
3859	male	0	18-30	hs
2183	male	0	30-45	hs
1544	male	0	18-30	bachelors
2068	male	0	18-30	hs
939	female	0	18-30	professional
1946	female	1	30-45	hs
3508	male	0	30-45	masters
1554	male	0	30-45	bachelors
895	female	0	30-45	professional
983	male	0	18-30	professional
433	female	0	30-45	bachelors
749	male	0	18-30	bachelors
3138	male	0	30-45	masters
3098	female	0	18-30	hs
689	male	0	45-60	professional
2855	male	0	30-45	bachelors
859	female	0	18-30	hs
294	female	0	30-45	bachelors
925	male	0	Under 18	hs
3333	female	1	18-30	bachelors
2336	male	1	18-30	hs
1041	male	0	18-30	bachelors
3215	male	0	30-45	bachelors
1884	male	0	45-60	masters
1827	male	0	Over 60	bachelors
726	male	0	30-45	bachelors
2861	female	1	30-45	bachelors
1954	male	0	18-30	bachelors
956	male	0	30-45	some
1031	male	0	45-60	bachelors
141	male	0	18-30	bachelors
267	female	0	18-30	professional
1728	male	0	30-45	bachelors
2442	female	0	18-30	bachelors
1754	female	0	18-30	professional
379	male	0	18-30	hs
2853	male	0	30-45	bachelors
3145	male	1	18-30	hs
3476	female	0	30-45	professional
115	male	0	30-45	professional
1638	male	0	30-45	bachelors
3846	male	0	30-45	hs
582	female	0	30-45	bachelors
488	male	0	18-30	masters
868	female	0	18-30	bachelors
339	female	0	18-30	bachelors
1834	male	0	30-45	professional
213	male	0	18-30	bachelors
1767	male	0	Under 18	hs
11	female	0	30-45	hs
295	female	0	45-60	professional
91	male	0	18-30	hs
2939	male	0	30-45	bachelors
9	female	0	18-30	bachelors
1895	male	0	30-45	bachelors
448	male	0	18-30	bachelors
1470	female	0	30-45	bachelors
2807	female	0	18-30	bachelors
1453	female	0	30-45	bachelors
2497	male	0	18-30	hs
193	female	0	30-45	masters
3197	male	0	30-45	bachelors
65	male	1	18-30	hs
558	male	0	18-30	bachelors
3758	male	1	18-30	professional
3592	male	0	18-30	bachelors
3611	male	0	45-60	masters
1688	male	0	30-45	bachelors
1050	female	0	18-30	bachelors
1427	male	0	18-30	hs
137	male	1	18-30	bachelors
1114	male	0	18-30	bachelors
3648	female	1	18-30	bachelors
2470	male	0	18-30	hs
2419	male	0	18-30	professional
1911	male	0	18-30	masters
3269	male	0	30-45	bachelors
1335	male	0	Over 60	professional
4134	male	0	45-60	masters
693	male	0	30-45	masters
174	female	0	18-30	hs
3514	male	0	18-30	hs
149	male	1	30-45	professional
2420	female	0	18-30	bachelors
185	female	0	18-30	hs
1731	male	1	30-45	hs
635	female	0	Over 60	professional
1083	female	0	45-60	hs
282	male	0	45-60	masters
782	male	0	30-45	bachelors
1771	male	0	Under 18	hs
3885	female	0	18-30	bachelors
621	male	0	30-45	professional
1410	male	0	18-30	professional
534	male	0	18-30	hs
854	female	0	45-60	professional
2922	female	0	45-60	hs
398	male	1	45-60	bachelors
656	male	0	18-30	professional
100	male	1	18-30	professional
1629	male	1	30-45	hs
217	male	0	30-45	bachelors
403	male	0	18-30	bachelors
1507	male	0	18-30	bachelors
781	male	0	18-30	hs
4267	male	0	30-45	professional
721	male	0	18-30	hs
165	male	0	45-60	professional
1281	male	0	18-30	hs
1054	male	0	18-30	masters
927	male	0	30-45	professional
262	male	0	18-30	hs
814	male	0	45-60	masters
2377	male	1	30-45	hs
3813	female	1	18-30	hs
2439	male	0	Under 18	hs
602	male	0	30-45	professional
3590	male	0	30-45	professional
1682	male	0	45-60	hs
3449	female	0	18-30	masters
1949	female	0	18-30	bachelors
1674	male	0	30-45	some
2051	male	0	18-30	hs
1879	male	0	30-45	bachelors
1351	female	0	30-45	hs
3489	male	0	18-30	hs
1194	male	1	30-45	bachelors
3151	male	0	30-45	masters
365	female	1	18-30	bachelors
3639	male	0	30-45	bachelors
2703	male	1	30-45	bachelors
2864	male	0	18-30	professional
2083	male	0	30-45	bachelors
730	male	0	18-30	hs
3528	female	0	18-30	hs
324	male	0	18-30	hs
2217	male	0	18-30	bachelors
1500	female	0	18-30	bachelors
1315	male	0	18-30	hs
128	male	0	30-45	bachelors
211	female	0	18-30	masters
397	male	1	18-30	masters
1574	female	0	30-45	bachelors
3598	male	0	18-30	masters
1784	male	0	18-30	bachelors
853	female	0	30-45	hs
623	female	0	18-30	doctorate
4121	female	1	18-30	hs
2385	female	0	18-30	hs
777	male	0	18-30	hs
1846	female	0	18-30	professional
2483	male	0	30-45	hs
110	male	0	30-45	bachelors
3566	male	0	18-30	bachelors
813	male	0	18-30	bachelors
2732	male	0		bachelors
2017	male	0	18-30	hs
4084	female	0	18-30	hs
2577	male	0	18-30	bachelors
3926	female	1	30-45	bachelors
3456	male	0	18-30	hs
225	male	0	30-45	professional
279	male	0	18-30	hs
734	male	1	18-30	professional
3169	male	1	18-30	hs
2524	female	1	45-60	some
1631	male	0	18-30	hs
256	male	0	18-30	bachelors
122	female	0	45-60	some
1907	male	0	45-60	bachelors
1273	male	1	Over 60	bachelors
1357	male	0	30-45	professional
2945	female	0	Over 60	bachelors
3041	male	1	18-30	hs
2346	male	0	18-30	bachelors
82	male	0	18-30	bachelors
395	male	0	18-30	bachelors
1183	male	0	30-45	masters
1689	male	1	18-30	bachelors
3702	female	0	45-60	professional
2428	male	0	18-30	bachelors
2306	male	1	18-30	professional
487	male	0	18-30	bachelors
1356	male	0	18-30	bachelors
1740	female	1	18-30	hs
1807	male	0	18-30	bachelors
516	male	0	18-30	hs
154	male	0	30-45	bachelors
406	male	0	18-30	bachelors
3842	female	0	30-45	professional
981	male	0	18-30	bachelors
2254	male	0	45-60	masters
124	male	0	30-45	bachelors
286	female	1	30-45	bachelors
2448	female	0	18-30	bachelors
2418	male	0	30-45	bachelors
1891	female	0	30-45	hs
1026	male	1	45-60	masters
2111	male	0	30-45	bachelors
2300	male	0	18-30	hs
2967	male	0	18-30	hs
338	male	0	30-45	professional
319	female	0	18-30	professional
840	male	0	18-30	hs
130	female	0	18-30	hs
790	male	0	18-30	bachelors
2592	female	0	30-45	bachelors
3171	male	1	18-30	hs
3212	male	0	18-30	doctorate
1330	female	1		bachelors
508	male	0	18-30	hs
1304	male	0		bachelors
349	male	0	18-30	bachelors
472	female	0	18-30	bachelors
1178	male	0	30-45	professional
90	female	0	18-30	hs
2495	male	0	45-60	bachelors
270	male	0	18-30	bachelors
2230	male	0	18-30	bachelors
4220	male	0	45-60	masters
2455	female	0	18-30	bachelors
2837	male	0	30-45	bachelors
333	female	0	18-30	hs
1046	male	0	30-45	masters
1036	male	0	18-30	some
2804	male	0	30-45	bachelors
2549	male	0	18-30	bachelors
1910	male	1	18-30	hs
415	female	1	30-45	hs
3173	male	0	18-30	hs
1746	male	0	18-30	bachelors
1025	female	0	18-30	professional
3355	male	0	30-45	bachelors
3222	male	0	45-60	hs
1058	male	0	30-45	bachelors
2112	female	0	18-30	bachelors
655	male	0	18-30	bachelors
4150	female	1	18-30	masters
1691	male	0	18-30	professional
1830	female	0	18-30	bachelors
3121	female	0	18-30	bachelors
33	female	0	30-45	doctorate
679	male	1	18-30	masters
1569	male	0	45-60	hs
3431	female	0	30-45	bachelors
1593	male	0	Under 18	hs
599	male	0	30-45	hs
387	male	0	18-30	hs
2171	male	0	30-45	doctorate
1864	female	1	45-60	hs
1660	female	1	30-45	bachelors
855	male	0		bachelors
2499	female	1	45-60	hs
1999	male	0	18-30	professional
2750	female	0	45-60	bachelors
1755	male	0	18-30	bachelors
2918	female	0	30-45	bachelors
2737	male	0	45-60	bachelors
2756	male	0	18-30	bachelors
2312	female	0	30-45	hs
1110	male	0	Under 18	bachelors
4067	male	0	Under 18	hs
1852	female	0	30-45	hs
252	male	0	30-45	bachelors
2281	male	1	18-30	bachelors
1992	female	0	18-30	some
247	male	0	18-30	hs
1607	male	0	30-45	hs
4072	male	0	30-45	bachelors
3716	male	0	18-30	hs
1568	male	0	18-30	bachelors
3461	male	0	30-45	professional
3591	male	0	30-45	masters
1859	male	0	18-30	hs
2120	male	1	30-45	masters
1231	male	0	18-30	bachelors
1535	male	0	18-30	bachelors
2203	male	0	18-30	masters
2960	female	0	18-30	professional
1328	female	0	18-30	masters
1361	male	0	30-45	hs
2513	female	0	30-45	bachelors
3294	male	0	18-30	bachelors
2347	male	0	18-30	bachelors
1483	female	0	18-30	professional
1252	male	0	18-30	hs
2446	male	0	30-45	hs
503	male	0	18-30	hs
2489	male	0	18-30	masters
451	male	0	30-45	professional
3182	female	1	30-45	bachelors
1375	male	0	18-30	bachelors
2372	male	0	18-30	masters
4145	male	0	30-45	professional
2961	male	0	18-30	bachelors
551	male	0	30-45	bachelors
1596	male	0	18-30	hs
3008	male	0	18-30	hs
607	male	0	30-45	bachelors
869	male	0	18-30	hs
2214	male	1	18-30	doctorate
2341	male	0	45-60	bachelors
1836	female	0	18-30	professional
2903	female	1	18-30	bachelors
1861	male	1	18-30	hs
2449	male	0	18-30	bachelors
875	male	0	18-30	professional
1068	male	0	Under 18	some
96	male	0	18-30	bachelors
3247	male	0	30-45	masters
1211	male	0	Under 18	hs
426	male	0	18-30	professional
4135	male	1	18-30	doctorate
2363	male	0	18-30	masters
601	male	0		hs
1170	male	0	18-30	professional
4111	male	0	30-45	masters
1464	female	0	30-45	masters
1516	male	0	18-30	professional
4192	male	0	30-45	bachelors
3141	male	0	18-30	hs
888	male	0	18-30	hs
1789	male	1	30-45	bachelors
2740	male	1	18-30	doctorate
1640	male	0	18-30	hs
1533	male	0	18-30	professional
1491	male	0	18-30	some
1403	male	1	18-30	bachelors
841	male	0	30-45	bachelors
2453	male	0	30-45	hs
4074	male	0	30-45	masters
1072	female	0	30-45	bachelors
2365	male	0	18-30	professional
3889	male	0	18-30	bachelors
1019	female	0	30-45	professional
907	female	0	30-45	hs
3890	male	1	45-60	bachelors
462	male	0	18-30	masters
1337	male	0	18-30	bachelors
3089	male	0	18-30	bachelors
1618	female	0	45-60	bachelors
1069	female	0	18-30	some
2578	female	0	18-30	bachelors
457	female	0	30-45	professional
1469	female	1		bachelors
3623	male	0	18-30	bachelors
2221	male	1	45-60	professional
1115	male	0	18-30	bachelors
2311	male	0	18-30	professional
1207	female	0	30-45	hs
1067	male	0	30-45	masters
3873	female	1	18-30	hs
4285	male	0	18-30	hs
1318	male	0	18-30	bachelors
3600	female	1	45-60	professional
3505	male	0	30-45	masters
596	male	0	30-45	bachelors
857	male	0	18-30	professional
1665	female	0	30-45	hs
2528	male	1	18-30	professional
3559	male	0	30-45	hs
2367	male	0	30-45	masters
1681	female	1	30-45	hs
2730	male	0	30-45	bachelors
1739	male	0	18-30	hs
695	female	0	30-45	bachelors
2411	male	0	18-30	hs
366	male	0	30-45	hs
1092	male	0	30-45	bachelors
384	male	0	18-30	professional
75	male	0	18-30	professional
2770	female	0	30-45	masters
428	male	0	Under 18	hs
1390	female	0	30-45	bachelors
988	male	0	18-30	hs
3181	male	0	18-30	bachelors
4017	male	0	30-45	bachelors
244	male	1	18-30	bachelors
1475	male	0	30-45	hs
3175	male	0	30-45	bachelors
1958	male	0	30-45	bachelors
932	male	1	18-30	bachelors
3945	male	0	18-30	hs
2227	male	0	45-60	bachelors
3697	female	1	18-30	hs
68	male	0	18-30	professional
1934	female	0	18-30	bachelors
3007	male	0	18-30	professional
1059	male	0	30-45	hs
2473	female	0	45-60	bachelors
112	male	0	18-30	hs
1085	female	0	45-60	professional
1468	male	0	18-30	bachelors
1259	male	1	18-30	bachelors
984	male	0	30-45	bachelors
3761	male	1	30-45	bachelors
163	male	0	30-45	professional
972	male	0	45-60	hs
610	female	0	30-45	hs
992	male	0	30-45	masters
1939	female	0	18-30	masters
2923	male	0	30-45	professional
2052	male	0	30-45	professional
453	male	0	18-30	bachelors
422	female	0	30-45	bachelors
2415	male	0	18-30	hs
2996	male	1	30-45	hs
145	male	0	18-30	professional
2388	male	0	45-60	professional
4283	female	0	30-45	masters
439	male	0	30-45	masters
3662	female	1	30-45	hs
4085	male	0	18-30	hs
3524	male	0	18-30	bachelors
633	male	0	30-45	masters
1256	male	0	18-30	bachelors
2713	male	1	18-30	bachelors
731	male	0	18-30	masters
497	female	0	30-45	bachelors
1070	male	0	30-45	hs
942	female	0	45-60	some
870	male	0	30-45	bachelors
280	male	0	18-30	hs
849	male	0	30-45	masters
3525	female	1	45-60	professional
1038	female	1	45-60	hs
2251	male	1	45-60	hs
464	male	1	30-45	bachelors
1810	male	0	18-30	bachelors
970	male	0	45-60	bachelors
2253	male	0	18-30	hs
748	male	1	18-30	masters
1822	male	1	30-45	bachelors
3488	male	0	30-45	professional
4249	male	0	18-30	bachelors
1916	male	0	18-30	some
1300	male	0	18-30	hs
771	male	0	18-30	hs
2623	male	0	18-30	bachelors
2479	female	1	30-45	bachelors
872	male	0	30-45	bachelors
1620	male	1	18-30	none
4258	female	0	18-30	bachelors
25	male	0	30-45	masters
577	male	0	30-45	hs
1881	male	0	30-45	hs
1768	male	0	18-30	hs
1296	male	0	Over 60	bachelors
3653	male	0	30-45	hs
57	male	0	18-30	bachelors
1465	female	1	45-60	hs
1956	male	0	18-30	hs
1967	female	0	30-45	masters
308	male	0	18-30	professional
1341	male	0	Under 18	bachelors
1443	female	0	30-45	professional
2417	female	0	30-45	masters
3645	female	0	45-60	bachelors
3073	female	0	30-45	masters
2847	male	1	30-45	bachelors
1087	female	0	30-45	professional
246	male	1	30-45	bachelors
1856	female	0	30-45	professional
725	male	0	30-45	bachelors
1024	male	0	18-30	masters
3191	male	0	30-45	bachelors
2484	female	0	45-60	bachelors
419	female	0	30-45	masters
3373	male	0	18-30	bachelors
2488	male	1	45-60	some
3661	male	0	18-30	professional
3751	male	1	18-30	bachelors
20	male	0	30-45	hs
1173	male	0	18-30	hs
2459	female	0	18-30	hs
1474	male	1	30-45	bachelors
2376	female	0	18-30	masters
3698	female	1	18-30	bachelors
2403	female	0	30-45	bachelors
3178	male	0	30-45	masters
1778	female	0	18-30	bachelors
715	male	0	18-30	hs
150	male	0	45-60	hs
2089	male	0	30-45	professional
3858	male	0	18-30	bachelors
2037	male	0	Under 18	hs
1941	female	0	30-45	bachelors
4117	female	0	45-60	bachelors
971	female	1	30-45	professional
1853	male	0	30-45	some
2937	male	1	30-45	masters
3614	male	0	30-45	bachelors
4001	female	0	45-60	doctorate
2436	male	0	Under 18	hs
3642	male	0	30-45	professional
507	male	0	45-60	bachelors
3184	female	0	45-60	bachelors
2544	female	1	18-30	hs
2179	male	0	45-60	professional
3874	male	0	18-30	bachelors
2962	male	0	18-30	hs
62	female	0	30-45	bachelors
2261	male	0	18-30	bachelors
2535	female	1		bachelors
2104	male	0	30-45	bachelors
1619	female	0	18-30	bachelors
95	male	0	30-45	hs
2698	male	0	18-30	hs
220	male	1	18-30	masters
2530	male	1	18-30	masters
1719	male	1	18-30	bachelors
2716	female	0	45-60	masters
2675	male	1	30-45	hs
1214	male	0	18-30	bachelors
678	male	0	30-45	masters
2386	male	0	18-30	masters
1287	male	0	18-30	bachelors
917	male	0	18-30	bachelors
2753	male	0	18-30	bachelors
3562	male	1	18-30	bachelors
4194	male	0	30-45	hs
805	male	1	18-30	some
3922	female	0	18-30	masters
1016	male	0	30-45	bachelors
1159	male	0	30-45	masters
1405	female	0	30-45	masters
906	male	0	30-45	bachelors
1154	female	1	18-30	some
377	male	0	18-30	hs
2323	male	0	30-45	masters
2718	female	0	18-30	hs
1140	male	0	30-45	hs
316	male	0	30-45	professional
3385	male	0	30-45	professional
1045	male	0	30-45	masters
968	male	0	30-45	bachelors
2658	male	0	30-45	bachelors
1727	female	0	30-45	hs
222	male	0	18-30	bachelors
3823	male	1	18-30	bachelors
884	female	0	18-30	bachelors
647	male	0	18-30	professional
3063	male	0	18-30	bachelors
2452	male	0	18-30	professional
1243	female	0	30-45	masters
1423	male	0	30-45	hs
2616	female	0	45-60	hs
2920	female	0	45-60	masters
708	male	0	30-45	bachelors
640	male	1	18-30	hs
676	male	0	45-60	masters
1432	female	1	30-45	bachelors
2694	female	0	18-30	bachelors
127	male	0	45-60	hs
173	male	1	30-45	bachelors
1040	female	0	30-45	professional
1759	female	0	30-45	bachelors
755	male	0	18-30	bachelors
2438	male	0	45-60	bachelors
4049	female	0	18-30	masters
3997	female	0	30-45	masters
1077	male	0	30-45	hs
3679	male	0	18-30	bachelors
3789	male	0	30-45	hs
2566	male	0	30-45	professional
2526	female	0	30-45	masters
2121	male	0	18-30	hs
1326	female	1	18-30	bachelors
1121	male	0	30-45	professional
2778	female	1	30-45	bachelors
322	female	0	30-45	hs
861	male	0		professional
3649	male	1	30-45	hs
1053	male	0	45-60	bachelors
758	male	0	30-45	doctorate
1923	male	0	18-30	bachelors
3759	male	0	30-45	bachelors
337	male	1	18-30	hs
979	male	0	30-45	masters
3293	male	0	45-60	bachelors
1917	male	0	30-45	hs
3047	male	0	30-45	bachelors
1751	male	0	30-45	doctorate
2814	male	0	18-30	hs
915	male	0	30-45	bachelors
1093	female	0	45-60	masters
836	female	1	18-30	bachelors
1003	male	0	18-30	professional
898	female	0	18-30	masters
3062	male	0	18-30	bachelors
732	male	0	30-45	masters
603	male	0	30-45	bachelors
404	male	0	30-45	masters
671	female	0	30-45	masters
1644	male	0	18-30	hs
1208	male	0	30-45	masters
2322	male	0	30-45	masters
1265	male	0	30-45	bachelors
187	male	0	30-45	bachelors
2878	female	0	30-45	bachelors
1135	female	0	45-60	hs
4173	female	0	18-30	bachelors
2895	male	0	30-45	professional
535	male	0	30-45	bachelors
899	female	1	18-30	professional
1661	male	0	30-45	bachelors
2091	female	1	30-45	bachelors
1188	male	0	18-30	hs
1770	male	0	Over 60	bachelors
3664	male	1	30-45	masters
2704	female	0	45-60	bachelors
475	male	1	18-30	hs
3004	male	0	45-60	bachelors
235	male	0	30-45	hs
842	female	0	18-30	bachelors
3725	male	0	18-30	bachelors
1562	female	0	18-30	hs
3186	male	1	30-45	bachelors
29	male	0	30-45	masters
3439	female	0	30-45	bachelors
2642	male	0	30-45	hs
776	male	0	30-45	professional
1237	female	0	18-30	bachelors
2539	male	1	18-30	bachelors
1086	male	0	45-60	bachelors
1034	female	0	30-45	bachelors
2461	female	0	18-30	masters
1037	female	0	45-60	hs
63	female	0	18-30	masters
4157	female	0	Over 60	masters
459	female	0	45-60	masters
1385	male	0	30-45	masters
920	female	0	45-60	masters
1760	female	0	Over 60	bachelors
4193	female	0	30-45	bachelors
2830	female	1	30-45	hs
1524	male	0	18-30	professional
2893	male	0	18-30	bachelors
3366	male	1	45-60	masters
3287	male	1	18-30	bachelors
3790	female	0	45-60	masters
249	male	0	30-45	hs
1714	female	0	45-60	hs
672	male	0	18-30	bachelors
862	male	0	45-60	masters
3273	male	0	18-30	bachelors
3106	female	1	30-45	masters
1239	female	1	30-45	bachelors
686	female	0	18-30	masters
3914	female	0	30-45	bachelors
167	female	0	30-45	bachelors
1106	male	0	18-30	hs
239	male	0	30-45	masters
3289	male	1	18-30	bachelors
1349	female	0	30-45	masters
3581	male	1	30-45	bachelors
723	female	0	30-45	bachelors
1965	male	0	30-45	masters
3519	male	0	18-30	bachelors
2161	male	0	30-45	hs
3143	male	1	Under 18	hs
673	male	0	30-45	hs
35	male	0	30-45	masters
257	female	0	18-30	bachelors
768	male	0	18-30	masters
2813	male	1	30-45	masters
2016	male	0	30-45	professional
2507	female	0	30-45	masters
31	male	0	30-45	masters
3278	female	0	45-60	hs
4209	male	0	45-60	hs
1725	female	0	30-45	professional
56	male	0	18-30	hs
982	male	0	18-30	bachelors
1744	male	1	18-30	hs
1254	male	0	30-45	masters
1984	male	0	45-60	hs
2671	female	0	45-60	hs
729	male	0	18-30	bachelors
1174	female	0	30-45	professional
470	male	0	18-30	bachelors
3667	male	0	Under 18	bachelors
2125	female	0	30-45	bachelors
2621	male	0	30-45	professional
202	male	0	18-30	professional
2908	male	0	18-30	hs
3327	male	0	45-60	masters
3527	female	0	30-45	masters
2809	male	0	18-30	bachelors
1557	male	0	30-45	professional
61	male	0	18-30	hs
461	male	1	18-30	hs
4050	male	0	45-60	masters
2038	female	0	30-45	bachelors
326	male	0	30-45	some
4062	female	1	30-45	some
2154	female	1	30-45	hs
3315	male	1	18-30	masters
2826	male	0	18-30	professional
281	female	0	30-45	bachelors
2596	male	0	18-30	professional
4006	female	0	30-45	bachelors
103	female	0	30-45	some
1052	male	0	18-30	hs
1421	male	0	18-30	bachelors
3677	male	0	18-30	hs
2646	female	0	30-45	bachelors
135	male	0	30-45	hs
3730	male	0	45-60	masters
3687	male	1	45-60	bachelors
2360	male	0	30-45	bachelors
2909	male	0	45-60	masters
2202	male	0	18-30	bachelors
1209	male	0	30-45	masters
303	male	0	30-45	bachelors
54	female	0	30-45	hs
117	female	0	30-45	bachelors
1030	female	0	45-60	bachelors
1456	male	0	30-45	masters
1218	male	0	18-30	bachelors
1932	male	0	30-45	professional
1013	female	1	Over 60	professional
2584	female	0	30-45	professional
113	female	0	30-45	masters
2868	female	0	45-60	hs
739	male	0	30-45	masters
27	female	0	45-60	masters
3947	female	0	45-60	hs
2249	female	0	30-45	masters
3363	male	1	30-45	bachelors
0	male	0	30-45	professional
747	female	0	18-30	professional
1545	female	1	45-60	professional
2754	female	0	30-45	masters
3778	male	1	30-45	hs
1573	female	0	18-30	professional
2069	male	0	30-45	professional
375	male	0	30-45	hs
4204	male	0	45-60	professional
541	female	0	30-45	bachelors
1690	male	0	18-30	hs
53	female	0	45-60	bachelors
1458	female	0	30-45	hs
140	female	0	18-30	hs
887	female	0	45-60	hs
2540	male	0	30-45	bachelors
1098	female	1	45-60	hs
1128	male	0	18-30	bachelors
3502	female	0	30-45	masters
4137	female	1	18-30	bachelors
353	male	0	30-45	hs
2199	male	0	18-30	professional
2733	male	0	30-45	bachelors
92	male	0	45-60	hs
2594	male	0	30-45	masters
1459	male	0	30-45	masters
3298	female	0	30-45	masters
199	male	0	30-45	masters
1157	female	0	18-30	hs
1333	male	0	18-30	some
2876	male	0	30-45	bachelors
3870	male	0	45-60	hs
595	male	0	18-30	professional
680	male	0	18-30	masters
2774	male	1	18-30	professional
2500	male	0	18-30	professional
290	male	0	18-30	masters
4143	female	1	18-30	masters
1594	male	0	18-30	bachelors
3672	male	0	30-45	professional
1880	female	0	Over 60	masters
3240	male	1	18-30	bachelors
3770	male	0	30-45	hs
1009	male	0	18-30	bachelors
196	male	0	30-45	hs
2554	male	0	30-45	masters
1334	male	0		bachelors
2800	female	1	30-45	hs
1890	female	0	Over 60	some
3549	female	0	30-45	masters
1299	female	0	30-45	masters
378	male	0		bachelors
275	female	0	30-45	hs
218	female	0	45-60	masters
798	male	1	30-45	doctorate
1692	male	1	18-30	bachelors
2505	male	0	30-45	hs
1293	female	0	30-45	professional
1447	female	0	45-60	bachelors
71	male	0	45-60	masters
1548	female	0	30-45	masters
3328	female	0	Over 60	some
458	male	0	45-60	bachelors
1047	male	0	18-30	hs
1961	male	1	30-45	bachelors
1325	male	1	Under 18	bachelors
250	female	0	30-45	doctorate
2553	male	0	45-60	bachelors
1940	female	1	30-45	professional
995	male	1	45-60	bachelors
2250	female	0	30-45	bachelors
424	female	0	18-30	masters
283	male	0	30-45	professional
2608	male	0	18-30	hs
937	female	0	18-30	masters
1134	male	1	30-45	doctorate
613	female	0	18-30	hs
245	female	0	30-45	bachelors
3804	male	0	45-60	bachelors
2884	male	0	45-60	hs
2430	male	0	45-60	bachelors
3454	male	0	Under 18	hs
2717	male	0	30-45	bachelors
750	male	0	30-45	bachelors
232	male	0	18-30	masters
1124	female	0	18-30	masters
495	female	0	18-30	hs
1215	female	0	30-45	hs
36	male	0	30-45	hs
2815	male	0	30-45	masters
1823	female	0	30-45	masters
52	female	0	18-30	hs
1002	female	0	18-30	bachelors
1084	male	0	30-45	bachelors
1353	male	0	18-30	hs
273	male	0	30-45	masters
1235	male	0	18-30	bachelors
1945	female	0	30-45	bachelors
2760	male	0	30-45	masters
1089	female	0	30-45	bachelors
1591	female	0	45-60	bachelors
1203	male	0	18-30	hs
336	male	1	30-45	doctorate
893	male	0	30-45	professional
3944	male	0	30-45	masters
1012	male	0	30-45	professional
4217	female	1	45-60	some
2429	male	0	Under 18	hs
990	female	0	45-60	professional
1378	male	0	30-45	masters
961	male	0	45-60	hs
380	female	0	30-45	bachelors
2666	male	0	45-60	bachelors
3771	female	0	45-60	bachelors
3538	male	0	18-30	hs
2297	male	0	30-45	masters
30	female	0	30-45	hs
192	male	0	30-45	professional
204	female	0	18-30	masters
1342	male	0	30-45	bachelors
229	male	0	18-30	bachelors
1359	male	0	18-30	masters
2041	male	0	18-30	hs
2696	male	0	30-45	hs
580	male	0	18-30	masters
205	male	0	18-30	bachelors
481	male	0	30-45	masters
3485	male	0	30-45	bachelors
248	male	0	45-60	hs
717	male	1	45-60	masters
3506	male	0	45-60	professional
641	male	0	30-45	bachelors
4068	male	0	30-45	bachelors
752	female	1	45-60	bachelors
1023	male	0	18-30	hs
3726	female	0	30-45	bachelors
405	male	0	30-45	masters
2634	male	1	18-30	bachelors
554	male	0	18-30	hs
1560	male	0	45-60	bachelors
1944	female	1	30-45	bachelors
3567	male	1	18-30	bachelors
3223	male	0	18-30	bachelors
940	female	0	18-30	bachelors
2241	female	0	18-30	bachelors
2687	male	0	18-30	hs
753	male	0	30-45	doctorate
2602	male	0	18-30	bachelors
15	male	0	18-30	hs
1873	female	1	45-60	hs
2036	male	0	18-30	masters
2761	male	0	30-45	hs
2690	female	0	30-45	bachelors
811	female	0	30-45	bachelors
2599	male	0	30-45	bachelors
2401	male	0	30-45	bachelors
2402	female	0	30-45	bachelors
706	male	0	30-45	some
2984	male	0	18-30	professional
2659	male	0	18-30	bachelors
3313	male	0	45-60	hs
2290	male	0	30-45	masters
3017	male	0	18-30	bachelors
1517	male	0		hs
2907	female	0	30-45	bachelors
2726	male	0	45-60	bachelors
2020	male	0	18-30	hs
609	male	0	30-45	hs
1974	male	0	30-45	bachelors
1005	male	0	30-45	bachelors
1139	female	0	18-30	hs
179	male	0	18-30	bachelors
1734	male	1	45-60	masters
1986	female	0	18-30	masters
1402	female	1	18-30	doctorate
2941	male	0	18-30	masters
1396	male	0	18-30	hs
735	male	0	30-45	masters
967	male	0	30-45	professional
867	male	1	18-30	bachelors
569	male	0	18-30	hs
180	male	0	30-45	professional
2749	female	0	18-30	masters
991	female	0	30-45	bachelors
1793	male	0	30-45	masters
2157	male	0	30-45	bachelors
1841	male	1		bachelors
214	female	0	18-30	masters
2434	male	0	18-30	bachelors
166	female	0	18-30	bachelors
1288	male	0	18-30	bachelors
918	male	0	18-30	masters
2875	male	0	30-45	masters
1678	male	0	18-30	bachelors
394	female	0	30-45	bachelors
1020	female	0	18-30	bachelors
189	male	0	30-45	professional
3777	male	0	30-45	professional
352	male	0	18-30	hs
306	male	0	30-45	masters
542	male	0	30-45	bachelors
3284	male	0	18-30	masters
638	female	0	18-30	masters
1525	female	0	30-45	some
1747	male	0	30-45	professional
1741	male	0	18-30	bachelors
3520	male	0	45-60	hs
332	male	0	18-30	bachelors
2779	male	0	18-30	masters
78	male	0	Under 18	hs
3330	male	0	30-45	masters
1056	male	0	30-45	professional
37	male	0	Under 18	some
779	male	0	18-30	bachelors
402	male	0	18-30	masters
2287	male	0	18-30	bachelors
1238	female	0	18-30	bachelors
812	male	0	18-30	bachelors
1948	male	0	45-60	bachelors
3743	female	0	30-45	masters
1320	male	0	30-45	hs
769	male	0	18-30	bachelors
343	male	0	45-60	bachelors
198	male	0	18-30	hs
1799	male	0	30-45	professional
2673	male	0	30-45	masters
1308	female	0	18-30	bachelors
107	male	0	18-30	hs
3547	female	0	45-60	bachelors
860	female	1	30-45	masters
962	female	0	30-45	bachelors
2067	female	0	30-45	hs
2865	female	0	30-45	bachelors
3093	female	0	18-30	bachelors
1552	male	1	18-30	bachelors
2664	female	1	45-60	hs
2152	female	0	18-30	professional
3359	male	0	45-60	professional
1964	female	0		masters
881	male	0	18-30	bachelors
1153	female	0	18-30	doctorate
2276	male	0	30-45	bachelors
1165	male	0	30-45	masters
3786	female	0	18-30	bachelors
3148	male	0	18-30	hs
1621	female	0	18-30	hs
1608	male	0	18-30	bachelors
754	male	0	30-45	bachelors
465	female	0	30-45	masters
1599	female	0	18-30	hs
4213	female	0	18-30	bachelors
2742	male	0	45-60	masters
237	male	0	18-30	hs
1104	male	0	18-30	bachelors
714	male	0	18-30	masters
2048	female	0	18-30	masters
489	female	0	18-30	hs
1819	male	0	30-45	professional
4208	female	1	18-30	professional
1481	male	1	18-30	bachelors
2408	male	0	30-45	bachelors
58	male	0	18-30	bachelors
344	female	0	18-30	bachelors
630	female	0	45-60	bachelors
787	male	0	18-30	hs
138	female	0	18-30	bachelors
3155	male	0	18-30	hs
1488	female	0	18-30	bachelors
1184	female	0	18-30	hs
2320	male	0	18-30	hs
2228	male	1	30-45	bachelors
59	female	0	18-30	bachelors
1565	male	0	18-30	hs
1736	male	0	30-45	bachelors
1549	male	0	18-30	hs
2758	male	0	30-45	professional
1951	male	0	30-45	bachelors
2187	male	0	18-30	hs
1721	male	0	18-30	bachelors
562	male	0	18-30	bachelors
724	male	0	30-45	hs
49	male	0	45-60	hs
3401	female	0	30-45	masters
3060	male	0	18-30	some
2635	male	0	30-45	bachelors
3012	male	0	30-45	hs
3557	female	0	30-45	doctorate
4226	female	0	18-30	bachelors
32	male	0	Under 18	bachelors
1377	male	0	30-45	bachelors
259	female	0	18-30	masters
3054	male	0	18-30	some
740	female	0	30-45	bachelors
692	female	0	30-45	doctorate
3723	female	0	30-45	bachelors
3275	female	1	18-30	bachelors
177	male	0	18-30	masters
1306	female	0	18-30	hs
1169	male	0	18-30	bachelors
2520	male	1	30-45	bachelors
2787	male	0	18-30	hs
4207	male	0	18-30	hs
1875	male	1	30-45	hs
1592	male	0	18-30	bachelors
1765	male	0	30-45	hs
2080	male	0	30-45	hs
986	male	0	18-30	hs
2791	male	0	18-30	hs
1220	female	1	18-30	hs
119	male	1	18-30	none
331	male	0	18-30	masters
24	female	0	18-30	bachelors
815	male	0	30-45	masters
529	male	0	18-30	professional
2988	male	0	30-45	bachelors
2757	female	0	45-60	bachelors
2888	male	0	18-30	masters
1199	female	0	18-30	masters
1286	male	1	18-30	masters
1062	female	1	30-45	masters
1074	male	0	18-30	bachelors
537	male	0	18-30	hs
330	male	0	30-45	professional
3128	male	1	30-45	bachelors
2836	female	0	30-45	hs
627	female	0	30-45	bachelors
221	female	0	30-45	masters
1779	male	0	18-30	bachelors
348	male	0	18-30	bachelors
1460	female	0	45-60	masters
1509	male	0	30-45	masters
41	female	0	18-30	hs
1344	male	0	18-30	hs
1413	female	0	30-45	hs
3130	male	1	18-30	bachelors
1518	female	0	30-45	professional
797	female	0	18-30	masters
996	female	0	30-45	professional
1556	male	0	30-45	bachelors
3075	male	0	18-30	hs
3147	male	1	30-45	professional
3165	female	0	18-30	bachelors
1622	male	0		bachelors
102	male	0	18-30	bachelors
3030	female	0	30-45	bachelors
513	male	0	30-45	bachelors
668	female	1	30-45	bachelors
2325	male	0	18-30	bachelors
1091	female	1	30-45	doctorate
1610	male	0	30-45	masters
1928	male	0	30-45	masters
2191	female	0	18-30	masters
2509	female	0	18-30	professional
1904	male	0	30-45	bachelors
2882	male	0	18-30	hs
2668	male	0	30-45	masters
2375	female	1	30-45	bachelors
2412	male	1	18-30	masters
1051	male	0	18-30	bachelors
1862	male	0	30-45	bachelors
1787	female	0	45-60	masters
3299	male	0	30-45	bachelors
4081	male	0	45-60	bachelors
757	male	1	30-45	bachelors
2212	female	0	30-45	bachelors
3762	male	1	Over 60	bachelors
4236	male	0	30-45	masters
483	male	0	30-45	bachelors
3665	male	0	18-30	bachelors
3320	male	1	18-30	bachelors
1723	male	0	18-30	masters
131	female	0	45-60	bachelors
1057	female	0	30-45	masters
261	male	0	18-30	professional
2767	female	0	18-30	bachelors
2615	female	0	18-30	masters
3080	female	0	30-45	bachelors
3428	male	0	30-45	bachelors
2712	male	0	30-45	hs
3722	male	0		professional
2026	male	0	18-30	bachelors
3897	male	0	30-45	masters
1	male	0	18-30	hs
1454	female	0	18-30	hs
360	female	0	18-30	masters
1175	female	0	18-30	bachelors
1303	female	0	30-45	bachelors
778	male	1	18-30	bachelors
2525	male	0	18-30	masters
1775	male	0	18-30	bachelors
2946	female	0	45-60	masters
1240	male	0	18-30	hs
2591	female	0	30-45	bachelors
1066	male	0	18-30	hs
2976	male	0	18-30	hs
1144	male	0	18-30	hs
1324	male	0	45-60	professional
1368	male	0	18-30	bachelors
2775	male	0	30-45	some
151	male	0	30-45	hs
908	male	0	30-45	professional
1075	male	0	30-45	professional
913	male	0	18-30	bachelors
1828	female	1	30-45	hs
2006	male	0	18-30	hs
2792	male	0	18-30	masters
4057	female	0	30-45	professional
3425	male	0	18-30	hs
228	male	0	30-45	bachelors
271	male	0	18-30	professional
2295	female	0	45-60	bachelors
3478	female	0	18-30	masters
2651	male	1	18-30	professional
4290	male	0	18-30	bachelors
2662	female	0	30-45	bachelors
1381	female	0	18-30	masters
775	female	0	30-45	hs
4210	female	1	45-60	bachelors
2209	male	0	18-30	bachelors
368	female	0	18-30	hs
4276	male	0	18-30	doctorate
3521	female	0	18-30	masters
501	female	0	30-45	bachelors
484	male	0	30-45	bachelors
1339	male	0	18-30	some
2342	male	0	18-30	hs
2685	male	0	30-45	hs
3288	male	0	30-45	some
1138	female	0	30-45	bachelors
713	male	0	30-45	bachelors
2973	male	0	18-30	masters
3395	male	0	45-60	bachelors
4167	male	0	30-45	bachelors
688	male	0	30-45	bachelors
1399	female	0	18-30	bachelors
143	male	0	18-30	bachelors
175	female	0	18-30	hs
1311	female	1	18-30	masters
401	female	0	18-30	bachelors
2087	male	0	18-30	hs
2090	female	0	18-30	hs
2186	male	0	30-45	professional
1419	female	0	18-30	hs
3863	female	0	18-30	professional
936	male	0	30-45	masters
3499	female	0	30-45	hs
1386	male	1	30-45	bachelors
4165	male	0	30-45	masters
1947	male	0	30-45	some
1438	male	0	30-45	masters
3056	female	0	30-45	bachelors
1017	male	0	18-30	bachelors
938	male	0	30-45	bachelors
3000	female	0	30-45	hs
801	female	0	18-30	bachelors
3051	male	0	18-30	bachelors
3213	male	0	30-45	masters
2105	male	0	30-45	bachelors
4263	male	0	18-30	masters
3747	male	0	45-60	hs
1540	female	0	Over 60	hs
553	male	0	18-30	bachelors
964	male	0	18-30	bachelors
3816	male	0	18-30	hs
527	male	0	30-45	masters
989	female	1	18-30	some
3795	female	1	45-60	hs
3855	male	0	30-45	masters
2247	male	0	18-30	bachelors
728	female	0	18-30	hs
1206	male	0	18-30	bachelors
274	male	0	30-45	masters
3050	female	0	18-30	masters
2780	female	0	18-30	professional
2956	male	1	18-30	masters
2869	female	0	18-30	professional
3544	male	0	18-30	bachelors
1297	male	0	30-45	doctorate
3727	female	0	30-45	bachelors
152	female	0	18-30	masters
2074	male	0	30-45	professional
3475	female	0	18-30	hs
3632	female	0	30-45	masters
2257	male	1	18-30	masters
1602	male	0	30-45	bachelors
1123	male	0	18-30	bachelors
2765	male	0	Under 18	hs
1071	male	0	18-30	hs
341	female	0	18-30	masters
900	female	1	45-60	hs
1630	male	0	18-30	hs
1595	male	0	18-30	professional
2648	male	0	30-45	hs
2747	male	0	18-30	bachelors
454	female	0	18-30	hs
1672	male	0	30-45	masters
1426	male	0	18-30	hs
3507	female	0	30-45	masters
1261	female	0	30-45	masters
3820	female	0	18-30	bachelors
1865	male	0	18-30	professional
3526	female	0	Under 18	bachelors
846	female	0	18-30	bachelors
1715	male	1	18-30	hs
1437	male	0	30-45	masters
1118	male	0	18-30	bachelors
1195	female	0	30-45	bachelors
3319	female	0	30-45	bachelors
38	female	0	30-45	bachelors
4234	male	0	18-30	bachelors
1197	female	0	18-30	hs
159	male	0	18-30	professional
2482	male	0	18-30	bachelors
2258	female	0	18-30	hs
4232	male	0	18-30	masters
1637	male	0	18-30	masters
738	male	0	18-30	hs
3458	male	0	18-30	hs
1131	male	0	18-30	masters
4287	female	0	30-45	bachelors
2082	female	1	30-45	hs
1217	male	1	30-45	doctorate
978	male	0	18-30	bachelors
1585	male	0	30-45	masters
473	female	0	18-30	masters
1818	female	1	45-60	bachelors
1291	male	0	45-60	hs
1336	male	0	30-45	hs
1842	female	0	18-30	hs
116	female	0	30-45	masters
2315	female	0	30-45	bachelors
701	male	0	30-45	bachelors
4227	male	1	18-30	bachelors
1705	male	0	30-45	bachelors
2619	female	0	18-30	hs
1899	male	0	18-30	bachelors
1636	female	0	18-30	hs
2569	male	0	45-60	professional
681	male	0	18-30	hs
4064	male	0	30-45	bachelors
460	male	0	30-45	masters
889	male	0	18-30	masters
1152	male	0	18-30	masters
1202	male	0	18-30	bachelors
3694	female	1		hs
3238	male	1	30-45	bachelors
3845	male	0	30-45	bachelors
924	female	0	18-30	hs
1253	female	0	30-45	bachelors
696	male	1	18-30	doctorate
1567	female	1	45-60	bachelors
951	female	1	30-45	doctorate
413	female	0	18-30	professional
310	male	0	45-60	hs
2873	male	0	18-30	hs
2977	male	0	18-30	bachelors
3787	female	1	30-45	bachelors
3003	male	0	18-30	hs
2708	male	0	30-45	professional
1301	female	0	30-45	bachelors
3496	female	0	45-60	hs
216	female	0	18-30	hs
1234	male	1	18-30	professional
3523	male	0	30-45	masters
4107	male	0	18-30	professional
2517	male	0	30-45	masters
139	male	0	18-30	hs
2969	female	0	30-45	bachelors
3049	female	1	45-60	masters
2926	male	0	30-45	hs
1406	male	1	18-30	hs
2005	male	0	30-45	hs
26	male	0	18-30	bachelors
4043	male	0	45-60	masters
1424	female	0	18-30	hs
2701	female	1	45-60	masters
3064	male	0	45-60	hs
417	male	0	Under 18	bachelors
1642	male	0	30-45	masters
1988	female	0	18-30	masters
3799	male	0	18-30	masters
2769	male	1	18-30	bachelors
4104	female	0	30-45	bachelors
314	female	0	18-30	bachelors
1251	male	1	18-30	hs
2140	female	0	Over 60	masters
746	male	0	18-30	bachelors
3657	male	0	18-30	hs
2991	female	1	30-45	masters
675	female	0	30-45	masters
2234	female	0	30-45	bachelors
2744	male	0	18-30	hs
2929	female	0	30-45	hs
711	female	0	30-45	masters
1414	male	0	30-45	masters
1508	female	1	45-60	hs
3392	female	1	45-60	hs
3585	male	0	Under 18	hs
837	male	1	45-60	hs
76	male	0	18-30	hs
1581	male	0	45-60	professional
172	female	1	18-30	hs
2286	female	0	30-45	bachelors
441	male	0	18-30	bachelors
3509	male	0	18-30	hs
1130	female	1	18-30	masters
2138	female	0	Over 60	some
1994	female	0	18-30	hs
980	male	0	30-45	bachelors
966	male	0	30-45	some
1851	male	0	30-45	masters
2278	female	0	30-45	hs
479	male	1	30-45	masters
1004	female	0	18-30	masters
2801	female	0	18-30	masters
3768	female	1	18-30	hs
183	male	0	18-30	professional
1522	female	0	30-45	hs
1901	female	1	18-30	bachelors
3510	female	1	30-45	bachelors
3578	female	0	18-30	hs
1000	female	1	18-30	bachelors
1367	female	1	30-45	hs
4156	female	0	18-30	professional
3849	male	0	30-45	masters
450	male	0	18-30	bachelors
1332	female	0	30-45	bachelors
2238	male	0	30-45	bachelors
3793	male	1	18-30	masters
3036	male	0	30-45	masters
858	male	0	18-30	hs
3433	female	0	30-45	masters
1848	male	0	30-45	masters
2493	male	0	30-45	hs
1125	male	0	18-30	bachelors
519	male	0	30-45	professional
3048	male	0	30-45	hs
3775	male	0		hs
648	male	0	18-30	hs
2480	female	1	45-60	hs
2427	female	0	18-30	professional
1190	male	1	18-30	hs
3542	female	0	18-30	professional
1042	female	1	30-45	hs
3025	female	0	30-45	professional
215	female	0	30-45	hs
4254	male	0	30-45	hs
2649	male	0	30-45	hs
1049	male	1	30-45	bachelors
2165	male	0	30-45	bachelors
1529	male	0	18-30	some
2572	male	0	45-60	hs
3732	female	1	30-45	hs
2382	female	0	30-45	professional
1664	female	0	18-30	hs
876	female	0	18-30	professional
2269	male	0	30-45	masters
767	male	0	Under 18	bachelors
277	female	0	30-45	bachelors
2137	female	1		masters
4065	female	0	45-60	bachelors
3895	male	0	18-30	hs
385	male	0	18-30	masters
2211	male	1	45-60	hs
1204	male	0	18-30	bachelors
1132	male	0	30-45	hs
1628	male	1	30-45	bachelors
1409	male	0	18-30	hs
3146	male	0	18-30	bachelors
264	male	0	30-45	hs
1969	female	0	18-30	masters
1079	female	0	30-45	hs
520	male	1	18-30	hs
1455	female	1	18-30	masters
3938	female	0	30-45	bachelors
684	male	0	30-45	bachelors
3157	male	0	Under 18	bachelors
1142	female	0	18-30	bachelors
2013	male	0	30-45	masters
2784	male	0	30-45	bachelors
897	female	0	18-30	bachelors
1609	female	1	30-45	hs
1100	female	0	30-45	professional
1156	male	1	18-30	hs
2777	female	0	18-30	professional
2866	male	0	30-45	masters
1675	male	0	30-45	professional
1802	male	0	30-45	professional
3117	other	0	Under 18	hs
2242	female	0	30-45	hs
863	male	0	18-30	hs
2806	male	0	18-30	hs
2531	male	1	18-30	hs
3404	male	0	45-60	professional
2942	male	0	30-45	bachelors
3483	male	0	18-30	bachelors
1738	female	0	18-30	hs
532	male	0	18-30	bachelors
3927	male	0	18-30	professional
2846	male	0	18-30	hs
1383	male	0	45-60	bachelors
1849	male	0	18-30	bachelors
2827	female	1	Over 60	hs
1647	male	0	18-30	bachelors
77	male	0	18-30	bachelors
561	female	0	30-45	bachelors
1484	male	0	30-45	professional
2824	male	0	30-45	bachelors
847	male	0	18-30	bachelors
1808	male	0	30-45	bachelors
2445	female	0	18-30	professional
819	female	0	18-30	hs
2116	male	0	Under 18	hs
3044	female	0	18-30	hs
7	male	0	18-30	bachelors
1737	male	0	18-30	hs
1720	male	0	18-30	professional
818	female	1	30-45	bachelors
579	male	0	18-30	masters
3564	male	0	18-30	bachelors
1418	female	1	30-45	masters
2332	male	0	Over 60	bachelors
2838	male	0	18-30	hs
2374	male	0	18-30	hs
1103	female	1	18-30	professional
4214	male	0	30-45	bachelors
3776	male	0	18-30	professional
1866	male	1	18-30	bachelors
3338	male	1	30-45	bachelors
3670	male	1	18-30	bachelors
3865	female	0	30-45	hs
2298	female	0	18-30	bachelors
2190	male	0	30-45	professional
3492	male	1	18-30	professional
3854	male	0	18-30	hs
169	male	0	18-30	bachelors
3574	male	1	18-30	bachelors
3441	male	0	18-30	bachelors
852	male	0	18-30	professional
396	male	0	30-45	hs
953	female	0	18-30	hs
2114	female	1	30-45	masters
3629	male	0	Under 18	bachelors
522	male	0	18-30	hs
1868	female	0	30-45	bachelors
1639	male	1	18-30	bachelors
1993	male	0	18-30	professional
188	male	0	18-30	hs
3896	male	1	18-30	masters
89	male	0	30-45	masters
683	male	0	18-30	professional
2441	male	0	18-30	some
3172	male	0	18-30	professional
3432	female	0	18-30	professional
3904	female	0	30-45	bachelors
660	male	0	18-30	hs
866	female	0	18-30	bachelors
2022	male	0	30-45	hs
905	male	0	18-30	hs
1302	male	0	30-45	hs
1264	male	0	18-30	bachelors
1684	male	0	18-30	some
3032	male	1	30-45	masters
2084	female	0	30-45	bachelors
2745	male	0	45-60	hs
2722	female	0	30-45	bachelors
1506	male	1	18-30	masters
788	female	0	18-30	professional
4222	male	0	18-30	bachelors
416	male	0	30-45	hs
985	male	0	30-45	bachelors
2194	male	0	30-45	professional
3310	female	0	30-45	professional
3042	female	0	18-30	some
414	male	0	18-30	bachelors
2201	female	1	30-45	hs
1407	male	0	30-45	professional
1477	female	1	45-60	hs
2970	male	0	18-30	some
2735	male	0	45-60	hs
1712	male	1	45-60	masters
1366	female	0	30-45	hs
3910	male	0	30-45	bachelors
3019	male	1	18-30	bachelors
1192	male	0	18-30	bachelors
4140	female	0	30-45	bachelors
2093	male	0	45-60	hs
1538	female	0	18-30	professional
3682	male	0	30-45	masters
4003	male	0	45-60	bachelors
2795	male	0	18-30	masters
3573	male	1	18-30	professional
3484	male	0	18-30	hs
4087	female	0	30-45	bachelors
1758	male	1	18-30	bachelors
2951	male	1	18-30	hs
2820	female	0	45-60	some
289	male	0	45-60	hs
309	female	0	45-60	bachelors
1597	male	0	18-30	masters
2620	male	0	18-30	bachelors
3803	male	0	18-30	hs
2063	female	0	30-45	professional
2239	male	0	18-30	bachelors
1164	male	0	18-30	masters
254	male	0	18-30	hs
3161	male	0	18-30	hs
1850	male	0	30-45	hs
1709	male	0	Under 18	hs
2605	male	0	18-30	bachelors
874	male	0	18-30	bachelors
3986	male	0	18-30	masters
153	female	0	30-45	bachelors
1843	male	0	18-30	bachelors
2661	female	0	Over 60	doctorate
3279	male	0	Under 18	hs
2831	female	0	18-30	bachelors
1656	male	0		hs
2529	male	0	30-45	hs
3570	female	0	45-60	professional
637	female	0	30-45	bachelors
2776	male	0	30-45	hs
432	male	0	18-30	bachelors
3015	female	0	18-30	bachelors
1511	male	0	18-30	bachelors
2218	male	0	18-30	professional
2828	male	0	18-30	masters
4238	male	0	18-30	masters
4151	male	1	30-45	hs
1416	female	0	18-30	professional
1498	female	0	18-30	masters
427	male	0	18-30	bachelors
3325	female	0	30-45	professional
1894	male	0	18-30	hs
2879	male	1	30-45	professional
3596	male	0	18-30	hs
3380	male	0	18-30	bachelors
2900	male	1	30-45	bachelors
1088	female	0	30-45	masters
976	male	0	30-45	professional
720	male	0	30-45	bachelors
2145	female	0	18-30	bachelors
3548	male	0	45-60	hs
1492	male	0	18-30	bachelors
518	male	0	18-30	hs
2216	male	0	30-45	hs
4075	female	1	18-30	bachelors
1219	male	0	30-45	bachelors
1274	male	0	18-30	professional
3546	male	0	30-45	professional
3606	male	0	Under 18	hs
3357	female	0	30-45	bachelors
240	male	0	18-30	professional
3343	male	0	30-45	bachelors
1520	male	0	18-30	bachelors
963	female	1	30-45	hs
3027	female	0	30-45	hs
4278	male	0	18-30	hs
2174	female	0	30-45	bachelors
438	male	0	18-30	hs
1532	male	0	18-30	hs
182	male	0	18-30	hs
806	male	0	18-30	bachelors
1494	male	0	18-30	bachelors
2329	female	1	18-30	hs
4113	male	0	18-30	hs
2338	male	0	18-30	hs
3002	female	0	18-30	masters
2019	male	0	18-30	masters
670	male	0		bachelors
1677	male	0	30-45	professional
3072	male	0	18-30	bachelors
1111	male	0	18-30	hs
506	male	0	30-45	bachelors
687	female	0	18-30	bachelors
3755	male	1	18-30	bachelors
4252	female	0	18-30	some
1221	female	0	18-30	professional
3409	female	1	45-60	hs
2351	male	1	18-30	professional
3040	male	0	18-30	bachelors
835	male	0	18-30	masters
1340	male	0	18-30	bachelors
4178	male	0	45-60	hs
2858	female	1	30-45	masters
231	male	0	18-30	bachelors
526	female	0	18-30	bachelors
3470	female	0	18-30	masters
129	male	0	30-45	bachelors
288	male	0	18-30	hs
3035	female	0	18-30	bachelors
2683	male	1	30-45	hs
504	male	0	30-45	bachelors
1149	male	0	30-45	masters
3827	female	0	18-30	bachelors
2379	female	0	18-30	bachelors
2665	female	0	18-30	hs
3684	female	0	45-60	bachelors
2424	female	0	18-30	bachelors
4240	male	0	30-45	bachelors
1436	male	1	30-45	bachelors
2999	male	0	30-45	masters
3839	male	1	18-30	bachelors
959	male	1	18-30	masters
1711	male	0	30-45	professional
2474	female	1	30-45	hs
1345	male	1	30-45	bachelors
1820	male	0	18-30	bachelors
848	male	1	30-45	bachelors
2850	male	0	30-45	hs
3108	male	0	18-30	professional
4174	male	0	30-45	hs
1223	male	1	30-45	professional
528	male	0	18-30	bachelors
2369	female	0	18-30	bachelors
2574	female	0	Under 18	hs
1713	male	0	18-30	hs
3308	female	0	30-45	bachelors
291	female	0	30-45	hs
1968	female	0	18-30	bachelors
335	female	0	18-30	hs
1906	male	0	30-45	hs
1564	male	0	30-45	hs
2339	male	0	30-45	hs
2337	male	0	18-30	masters
207	male	0	Under 18	hs
3033	female	1	30-45	masters
999	male	0	18-30	hs
2974	male	0	18-30	hs
3107	female	0	18-30	bachelors
3551	male	0	18-30	bachelors
2081	male	0	18-30	bachelors
1191	male	0	45-60	bachelors
4219	male	0	30-45	professional
1282	male	1	18-30	bachelors
2425	male	0	18-30	masters
3843	male	0	18-30	bachelors
1668	male	1	18-30	bachelors
2691	male	0	18-30	hs
1753	male	0	18-30	professional
3011	male	0	18-30	hs
4044	male	0	30-45	professional
1363	male	0	30-45	professional
2393	female	0	30-45	bachelors
620	male	0	30-45	masters
851	male	0	18-30	masters
3729	male	0	30-45	bachelors
2309	male	0	18-30	bachelors
1920	male	1	18-30	hs
2842	male	0	30-45	hs
372	male	0	30-45	bachelors
3092	male	0	18-30	hs
2857	female	0	18-30	hs
658	male	0	18-30	hs
3055	female	0	18-30	hs
2213	female	0	18-30	masters
3336	male	0	18-30	hs
977	female	0	30-45	hs
600	male	0	18-30	bachelors
3297	male	0	18-30	hs
3162	female	0	30-45	masters
3455	male	0	30-45	masters
2421	female	1	18-30	hs
3102	male	0	30-45	professional
195	male	0	30-45	bachelors
2267	female	0	45-60	hs
3608	male	0	30-45	bachelors
1148	male	1	30-45	bachelors
400	female	0	30-45	bachelors
482	male	0	Under 18	hs
1298	female	1	18-30	bachelors
1658	male	0	18-30	bachelors
3235	female	0	30-45	bachelors
850	male	1	30-45	hs
1289	female	0	18-30	hs
1577	female	1	45-60	bachelors
3826	female	0	30-45	masters
1307	male	0	30-45	hs
1623	female	1	30-45	bachelors
1883	female	1	18-30	hs
2564	male	0	18-30	hs
14	male	1	30-45	bachelors
278	male	0	18-30	hs
2118	male	0	18-30	bachelors
1650	male	0	18-30	masters
1523	male	0	Under 18	hs
2834	female	1	30-45	masters
1461	male	0	30-45	hs
933	male	0		some
463	female	0	18-30	bachelors
443	male	0	18-30	hs
2275	male	1	30-45	bachelors
3569	male	0	18-30	hs
2581	male	0	18-30	some
4273	female	0	18-30	bachelors
1878	male	1	18-30	professional
909	male	1	18-30	hs
612	male	1	18-30	bachelors
3640	male	1	18-30	masters
3715	female	0	Over 60	professional
4256	female	0	18-30	bachelors
3500	male	0	18-30	hs
3881	male	0	18-30	masters
4122	female	1	30-45	hs
2451	male	1	18-30	bachelors
1112	female	0	18-30	hs
1774	female	0	18-30	professional
3615	male	0	30-45	masters
1696	male	0	30-45	hs
2170	male	0	18-30	hs
3884	female	0	30-45	bachelors
744	male	0	18-30	hs
3065	male	1	18-30	masters
2953	male	0	30-45	professional
421	male	0	18-30	masters
2289	male	1	30-45	bachelors
2444	male	0	30-45	hs
904	male	0	18-30	hs
1018	male	0	18-30	professional
3918	male	0	30-45	bachelors
3637	male	0	18-30	bachelors
3272	male	0	30-45	hs
3450	female	0	30-45	hs
313	male	0	18-30	hs
3256	female	1	30-45	hs
3207	male	0	18-30	bachelors
2233	male	0	30-45	hs
2466	male	1	18-30	bachelors
3618	male	0	30-45	bachelors
2808	female	0	30-45	hs
66	male	0	30-45	masters
358	male	0	30-45	hs
3281	female	0	45-60	hs
2636	male	1	18-30	masters
2195	male	1	18-30	hs
935	female	0	30-45	hs
3237	male	0	18-30	masters
4037	male	0	18-30	bachelors
2522	male	0		bachelors
590	male	0	30-45	hs
2719	male	0	45-60	professional
171	male	1	30-45	some
1781	male	0	18-30	masters
1314	female	0	30-45	masters
946	female	0	30-45	hs
3990	male	0	18-30	bachelors
354	male	0	30-45	bachelors
1094	male	0	30-45	masters
773	male	1	30-45	bachelors
2643	male	0	30-45	bachelors
764	male	0	30-45	bachelors
3365	female	0	18-30	masters
1559	male	0	18-30	masters
4149	female	1	18-30	bachelors
3961	male	0	30-45	professional
3351	male	0	30-45	hs
3329	male	0	30-45	hs
880	male	1	30-45	masters
780	female	0	30-45	bachelors
1117	female	0	18-30	bachelors
710	male	0	18-30	hs
2291	male	0	30-45	masters
3103	female	0	18-30	bachelors
998	male	0	18-30	bachelors
3977	female	0	18-30	bachelors
46	female	0	18-30	bachelors
993	female	0	18-30	bachelors
2709	male	0	30-45	bachelors
1471	female	1	45-60	bachelors
916	male	0	30-45	masters
2198	male	0	18-30	bachelors
802	female	0	30-45	professional
2589	female	1	30-45	some
576	male	0	30-45	masters
2783	female	0	18-30	bachelors
3024	male	1	30-45	bachelors
491	male	0	30-45	hs
2206	male	0	18-30	bachelors
3486	female	1	45-60	hs
4019	female	1	45-60	bachelors
2867	male	1	18-30	hs
2223	male	0	18-30	hs
47	male	0	18-30	bachelors
3192	male	0	45-60	masters
1346	male	0	18-30	hs
376	female	0	18-30	bachelors
1434	male	0	18-30	professional
2702	female	0	Over 60	masters
1695	male	0	30-45	hs
3553	male	0	18-30	some
2558	male	0	30-45	bachelors
1168	male	0	18-30	hs
17	male	0	18-30	professional
2107	male	0	18-30	hs
1952	male	0	18-30	hs
795	male	0	18-30	professional
2994	male	0	18-30	masters
2541	male	0	18-30	hs
865	male	0	18-30	hs
2103	male	0	30-45	professional
1151	male	0	18-30	bachelors
3332	male	0	30-45	bachelors
2825	female	0	18-30	hs
1392	male	0	18-30	masters
2746	male	0	45-60	bachelors
1605	female	0	30-45	masters
1922	male	0	18-30	hs
1832	male	0	18-30	bachelors
3339	male	0	18-30	bachelors
3686	female	0	18-30	masters
834	male	0	30-45	bachelors
2303	male	0	18-30	professional
4013	male	0	30-45	masters
1127	male	0	18-30	bachelors
3046	female	0	30-45	professional
820	male	1	30-45	masters
23	male	1	30-45	professional
3701	female	0	18-30	bachelors
1613	male	0	18-30	professional
412	male	0	30-45	bachelors
2927	female	0	18-30	professional
3071	male	0	18-30	professional
2899	male	0	18-30	bachelors
987	female	1	30-45	bachelors
4069	female	1	30-45	hs
512	male	0	45-60	professional
2959	male	0	18-30	professional
2232	male	1	30-45	masters
2188	male	0	18-30	bachelors
3122	female	0	30-45	masters
1876	female	0	45-60	hs
2598	female	0	30-45	bachelors
1241	female	0	18-30	hs
1137	male	1	18-30	bachelors
1586	female	0	18-30	hs
1933	male	0	30-45	bachelors
3472	female	0	18-30	bachelors
3105	female	1	18-30	some
1384	male	0	18-30	hs
2182	male	0	18-30	bachelors
3837	male	0	30-45	masters
2222	female	0	18-30	bachelors
6	female	0	30-45	professional
2486	male	0	45-60	masters
2143	female	1	45-60	hs
1420	female	0	30-45	professional
543	male	0	18-30	professional
3534	female	0	18-30	bachelors
1930	male	0	18-30	masters
2931	female	0	18-30	hs
284	male	0	18-30	bachelors
3966	female	0	45-60	bachelors
3674	male	0	30-45	professional
3985	male	0	45-60	bachelors
329	male	0	18-30	bachelors
1431	female	1	18-30	bachelors
486	male	1	30-45	hs
317	male	0	18-30	bachelors
500	male	0	45-60	professional
510	female	0	30-45	doctorate
2008	female	0	18-30	hs
3891	male	0	18-30	bachelors
1294	male	0	18-30	masters
2109	male	1	30-45	hs
4231	female	1	30-45	hs
3685	male	0	30-45	hs
1653	male	0	18-30	hs
4241	male	1	30-45	masters
3014	male	0	18-30	professional
327	male	1	18-30	professional
2504	female	1	18-30	hs
3636	female	1	18-30	hs
1061	male	1	18-30	bachelors
3556	male	1	18-30	bachelors
1141	female	0	30-45	hs
712	male	0	18-30	hs
1267	male	0	30-45	hs
3159	male	0	18-30	bachelors
4270	male	0	30-45	masters
838	male	0	18-30	bachelors
606	male	0	30-45	professional
2447	male	0	30-45	masters
1028	male	0	18-30	hs
1155	male	0	18-30	professional
2700	female	0	45-60	hs
722	male	0	30-45	hs
3748	female	1	45-60	professional
3424	male	0	18-30	bachelors
304	male	0	18-30	bachelors
4233	male	0	18-30	masters
2734	male	1	18-30	bachelors
2986	male	0	18-30	bachelors
574	male	0	30-45	hs
4058	female	0	18-30	bachelors
4073	female	1	30-45	bachelors
2146	male	0	Under 18	some
2906	female	0	18-30	bachelors
3552	male	0	Under 18	hs
1369	female	0	18-30	professional
4179	female	1	Over 60	bachelors
1198	female	0	18-30	bachelors
253	male	0	18-30	bachelors
3429	female	0	30-45	professional
2030	male	0	18-30	hs
321	male	0	18-30	hs
3817	female	1	45-60	bachelors
197	male	0	18-30	hs
120	female	1	18-30	bachelors
1496	female	1	45-60	hs
1257	male	0	18-30	masters
206	female	0	45-60	professional
1921	male	0	18-30	hs
1449	male	0	18-30	professional
474	male	0	18-30	bachelors
2200	male	0	30-45	hs
493	male	1	30-45	hs
2356	male	1	18-30	bachelors
1107	male	0	18-30	bachelors
502	male	0	30-45	professional
2523	female	0	18-30	masters
2633	male	0	30-45	hs
2464	male	1	18-30	bachelors
3750	male	0	45-60	masters
2045	female	0	18-30	bachelors
2078	female	1	18-30	professional
4007	female	0	18-30	doctorate
2971	male	0	30-45	hs
1831	male	0	18-30	hs
3180	female	1	30-45	hs
823	female	1	30-45	bachelors
1327	female	0	30-45	bachelors
2085	female	0	30-45	bachelors
3087	female	1	18-30	bachelors
3824	male	0	18-30	hs
2101	male	0	18-30	bachelors
3131	male	0	18-30	bachelors
3170	female	0	45-60	bachelors
2163	female	1		masters
1726	male	0	18-30	professional
3654	male	0	30-45	hs
2231	female	0	30-45	bachelors
4144	female	0	18-30	bachelors
1882	male	0	18-30	bachelors
3112	female	1	45-60	hs
2576	male	0	18-30	masters
2925	male	0	30-45	professional
1676	male	1	30-45	masters
3660	female	1	18-30	hs
2975	female	0		bachelors
2355	male	1	30-45	professional
2481	male	0	18-30	bachelors
2728	male	0	18-30	masters
1490	male	1	18-30	some
3872	male	0	30-45	professional
2512	male	0	18-30	professional
2054	male	0	18-30	some
251	male	0	18-30	bachelors
3919	male	1	30-45	hs
809	male	1	18-30	masters
2210	male	0	30-45	hs
1919	female	1	45-60	hs
3616	male	0	18-30	hs
1996	male	0	18-30	professional
2527	male	1	30-45	masters
3905	male	0	30-45	hs
2454	female	0	30-45	bachelors
1780	male	0	18-30	bachelors
2244	male	0	18-30	bachelors
736	male	0	30-45	professional
2462	male	0	18-30	bachelors
1710	male	0	18-30	masters
2305	female	0	30-45	bachelors
2510	male	0	30-45	professional
3929	male	0	30-45	bachelors
1129	male	0	18-30	hs
2595	female	0		bachelors
944	male	0	30-45	masters
3668	male	0	30-45	bachelors
373	male	0	18-30	bachelors
3389	male	0	30-45	masters
2610	male	0	18-30	bachelors
3447	male	0	18-30	bachelors
2689	male	1	18-30	bachelors
2768	male	0	30-45	bachelors
3420	male	0	30-45	masters
3426	female	1		masters
1001	female	0	18-30	masters
1285	male	0	18-30	bachelors
1440	male	0	18-30	masters
1571	female	0	30-45	hs
1133	male	0	18-30	bachelors
3886	female	0	30-45	hs
3964	male	0	30-45	masters
1476	male	0	18-30	hs
2240	male	0	30-45	professional
3847	female	1	18-30	professional
1295	female	0	18-30	masters
3282	female	0	30-45	bachelors
3675	female	1	30-45	bachelors
4175	male	0	30-45	bachelors
1482	male	0	18-30	hs
843	female	0	30-45	masters
2326	male	0	45-60	bachelors
810	female	0	30-45	hs
1060	male	0	30-45	hs
2175	male	0	30-45	bachelors
1625	male	1	30-45	professional
3930	male	0	18-30	bachelors
2729	female	0	18-30	bachelors
2821	female	0	30-45	bachelors
2660	female	0	18-30	hs
1526	male	0	18-30	masters
911	female	0	Over 60	hs
844	male	1	18-30	professional
4014	male	0	30-45	bachelors
2607	male	0		hs
796	female	0	18-30	bachelors
1795	female	0	18-30	hs
2409	male	1	18-30	masters
2812	male	0	18-30	hs
955	male	0	18-30	bachelors
2686	female	0	30-45	bachelors
4180	female	1	18-30	bachelors
3869	female	0	18-30	bachelors
743	male	0	18-30	bachelors
2189	female	0	30-45	professional
604	male	0	18-30	bachelors
3965	female	0	18-30	bachelors
3334	male	0	30-45	masters
3419	female	1		masters
1043	female	0	18-30	hs
2924	male	0	30-45	professional
2739	female	0	18-30	hs
223	male	0	18-30	professional
1213	male	0	18-30	bachelors
941	male	1	18-30	bachelors
1360	female	0	18-30	professional
817	male	0	30-45	bachelors
1428	male	0	30-45	bachelors
2856	male	0	30-45	masters
2119	male	0	45-60	masters
1433	male	0	18-30	bachelors
1227	male	0	18-30	masters
2122	female	0	18-30	bachelors
1180	male	0	18-30	bachelors
3994	male	0	30-45	professional
1485	male	0	18-30	professional
901	male	0	18-30	bachelors
1486	female	0	18-30	hs
2886	female	0	30-45	professional
1530	female	0	18-30	hs
2904	female	0	18-30	bachelors
3434	male	0	18-30	hs
3445	male	0	18-30	hs
1452	male	0	18-30	bachelors
2905	male	1	18-30	hs
2255	male	1	Under 18	bachelors
3705	male	0	30-45	masters
2265	male	0	30-45	professional
3995	female	0	18-30	hs
1109	male	0	18-30	hs
2457	female	0	30-45	hs
1108	male	0	18-30	hs
1534	female	0	18-30	bachelors
1897	male	0	18-30	hs
3076	female	0	18-30	bachelors
2040	female	0		bachelors
3871	male	0	18-30	professional
3077	female	0	18-30	bachelors
2631	male	0	30-45	hs
3785	female	0	18-30	bachelors
1275	male	0	18-30	bachelors
2396	male	0	30-45	masters
3746	male	0	18-30	hs
1162	male	0	18-30	bachelors
2640	male	0	18-30	professional
3349	female	0	30-45	bachelors
3577	male	1	18-30	bachelors
890	male	0	18-30	hs
704	male	0	18-30	professional
162	female	1	18-30	bachelors
2654	female	0	30-45	hs
3710	female	1	18-30	hs
3163	male	0	18-30	masters
1835	male	1	18-30	bachelors
682	female	0	45-60	bachelors
3700	male	0	18-30	bachelors
4164	male	0	30-45	bachelors
3560	female	0	30-45	masters
208	male	0	18-30	hs
3491	female	1	18-30	hs
1584	male	0	18-30	hs
2371	male	0	30-45	hs
2397	male	1	18-30	bachelors
1634	female	0	Under 18	hs
2752	male	0	30-45	bachelors
2299	male	1	18-30	bachelors
2511	female	1	Under 18	hs
2788	female	0	Under 18	hs
4063	female	0	18-30	bachelors
1912	male	0	18-30	bachelors
1537	male	0	18-30	hs
3906	female	1	18-30	bachelors
3517	female	1	18-30	masters
3400	male	1	30-45	bachelors
4286	male	0	30-45	bachelors
3931	female	1	18-30	bachelors
2176	female	1	30-45	hs
1886	male	0	18-30	bachelors
2494	male	0	30-45	masters
1757	male	0	18-30	bachelors
1804	male	0	30-45	bachelors
1185	female	0	30-45	bachelors
2681	male	0	30-45	masters
2725	male	0	18-30	bachelors
1572	male	0	18-30	bachelors
3177	male	0	18-30	bachelors
584	male	0	30-45	masters
1590	male	1	18-30	bachelors
1702	male	1	18-30	masters
3442	male	1	18-30	hs
559	female	0	18-30	hs
2243	female	0	18-30	bachelors
148	male	1	18-30	bachelors
2487	female	1	30-45	bachelors
2590	male	1	30-45	masters
1372	male	0	18-30	bachelors
4034	female	1	18-30	bachelors
2593	male	1	30-45	masters
1021	male	0	18-30	hs
657	female	0	18-30	professional
1987	male	0	18-30	bachelors
1348	male	0	30-45	bachelors
382	male	0	Under 18	hs
3399	male	1	18-30	masters
1772	male	0		hs
2318	male	0	30-45	hs
2501	male	1	18-30	professional
2308	male	0	18-30	hs
2854	female	0	45-60	masters
1704	female	1	30-45	masters
2983	female	0	18-30	bachelors
2840	female	1	18-30	bachelors
2456	male	0	18-30	bachelors
2113	male	0	30-45	hs
3673	male	1	30-45	bachelors
943	female	0	18-30	hs
3545	male	1	18-30	bachelors
1733	male	1	18-30	bachelors
3446	male	1	18-30	some
369	male	0	18-30	hs
2387	male	0	18-30	bachelors
808	male	0	30-45	some
2352	female	0	18-30	bachelors
226	male	0	30-45	hs
1555	female	0	30-45	bachelors
3533	male	0	30-45	bachelors
1566	male	0	18-30	masters
3009	male	0	Under 18	some
1063	male	0	18-30	bachelors
1352	male	0	18-30	bachelors
4012	female	0	18-30	masters
4082	female	1	18-30	bachelors
2597	male	1	18-30	hs
1166	male	0	18-30	hs
2079	female	0	45-60	hs
2334	male	1	18-30	hs
4228	male	0	Under 18	masters
1321	male	0	18-30	some
1782	male	0	18-30	hs
3996	female	1	18-30	hs
1716	male	0	30-45	bachelors
1201	female	0		doctorate
1635	male	0	18-30	hs
1867	female	0	18-30	professional
3407	male	1	30-45	bachelors
1547	male	0	18-30	masters
3134	male	1	30-45	hs
2902	female	1	30-45	bachelors
3575	female	0	18-30	masters
1896	female	1	30-45	masters
1649	male	0	18-30	bachelors
1847	male	0	30-45	bachelors
2400	male	0	18-30	hs
2169	female	0	18-30	bachelors
2793	male	0	Under 18	none
2657	male	1	18-30	bachelors
3853	female	0	30-45	bachelors
2259	male	1	18-30	bachelors
1913	female	0	18-30	hs
3580	male	1	30-45	professional
3744	female	1	30-45	professional
1769	male	1	18-30	masters
3164	male	1	18-30	bachelors
3198	male	0	30-45	bachelors
3584	female	1	30-45	masters
3769	male	1	18-30	bachelors
3346	female	1	30-45	hs
3987	female	0	30-45	bachelors
3935	male	0	30-45	bachelors
455	male	0	30-45	bachelors
2508	female	0	30-45	professional
3053	male	0	30-45	bachelors
1809	male	0	18-30	professional
8	male	0	18-30	hs
960	female	0	18-30	bachelors
2672	male	0	18-30	hs
4089	male	0	18-30	professional
667	male	0	18-30	bachelors
2515	female	0	30-45	hs
923	male	0	18-30	bachelors
2027	male	0	30-45	professional
4077	male	0	18-30	masters
2185	female	1	18-30	bachelors
10	female	0	30-45	professional
3628	male	0	18-30	bachelors
617	male	0	30-45	hs
2000	male	0	30-45	professional
2324	male	0	18-30	doctorate
367	male	0	18-30	hs
1543	male	0	18-30	hs
2252	male	0	30-45	bachelors
3757	male	0	18-30	professional
2796	male	0	18-30	hs
2319	male	0	30-45	professional
2110	female	1	18-30	bachelors
2123	male	1	18-30	bachelors
3791	male	0	30-45	bachelors
1350	male	1	18-30	bachelors
1186	male	0	18-30	professional
2390	male	0	30-45	masters
1435	male	0	30-45	bachelors
3719	male	0	18-30	hs
3678	male	0	18-30	bachelors
4242	male	0	18-30	bachelors
370	male	0	18-30	professional
2829	male	0	18-30	hs
896	male	1	18-30	bachelors
1145	male	0	18-30	bachelors
2292	male	0	18-30	bachelors
2798	male	0	30-45	hs
1313	male	0	18-30	hs
1729	male	0	18-30	hs
2818	female	0	18-30	masters
2588	male	0	18-30	hs
505	male	0	30-45	hs
4253	female	0	30-45	bachelors
3070	male	0	45-60	professional
2819	male	0	30-45	hs
4079	male	0	30-45	professional
2148	male	1	18-30	masters
1915	male	1	18-30	bachelors
3307	male	0	18-30	bachelors
476	male	0	30-45	hs
1888	male	0	18-30	bachelors
2785	male	0	45-60	some
2088	male	0	18-30	some
3917	female	0	18-30	hs
1457	male	0	18-30	bachelors
4187	female	0	18-30	masters
2794	female	0	18-30	professional
3248	female	0	18-30	bachelors
1626	male	0	30-45	masters
2280	male	0	30-45	professional
822	male	0	30-45	hs
2044	male	0	18-30	masters
3714	male	0	18-30	bachelors
3651	female	0	18-30	bachelors
4197	female	0	45-60	masters
1693	male	0	30-45	bachelors
3784	male	0	30-45	hs
3588	female	0	30-45	bachelors
1627	female	0	18-30	masters
293	male	1	18-30	bachelors
456	male	0	18-30	professional
3085	male	0	30-45	hs
1745	male	0	18-30	hs
2117	male	0	18-30	bachelors
1953	male	0	18-30	bachelors
4237	male	1	30-45	bachelors
2272	male	1	18-30	professional
4161	male	0	30-45	bachelors
1997	male	0	18-30	bachelors
4015	male	0	18-30	hs
2047	female	0	30-45	bachelors
1480	female	0	30-45	bachelors
856	female	0	30-45	bachelors
2144	female	0	30-45	masters
631	male	0	30-45	bachelors
1975	male	1	30-45	bachelors
514	male	0	18-30	bachelors
2035	male	0	18-30	masters
2551	male	0		bachelors
4092	female	1	30-45	hs
4055	male	0	18-30	hs
2378	male	1	18-30	bachelors
3459	male	0	18-30	hs
1860	male	0	30-45	professional
2168	male	0	30-45	masters
3558	male	1	30-45	doctorate
824	female	1	45-60	bachelors
1750	male	0	45-60	masters
2650	male	0	30-45	some
3479	male	0	30-45	some
3023	male	0	30-45	professional
3196	male	1	18-30	masters
2580	male	1	30-45	hs
2625	male	0	30-45	hs
3638	male	0	45-60	hs
3659	female	0	18-30	hs
2502	female	0	18-30	professional
1312	male	1	Under 18	hs
745	female	0	45-60	masters
266	male	0	18-30	bachelors
3862	male	0	18-30	bachelors
3973	male	0	30-45	masters
1654	male	0	18-30	professional
3367	male	1	30-45	professional
759	male	0	45-60	masters
2972	male	0	18-30	hs
2910	male	0	18-30	bachelors
546	female	1	18-30	bachelors
928	male	0	18-30	bachelors
2613	female	1	18-30	some
4054	male	0	18-30	bachelors
2612	female	0	45-60	professional
2129	male	0	18-30	professional
661	female	0	30-45	bachelors
2947	male	0	30-45	professional
3868	male	0	18-30	bachelors
1362	male	0	30-45	professional
2741	male	1	Under 18	hs
969	male	0	18-30	masters
2763	male	0	30-45	professional
3113	female	1	30-45	bachelors
2519	male	0	45-60	bachelors
2094	male	0	18-30	hs
2604	male	1	30-45	hs
3464	male	0	18-30	bachelors
3531	male	1	18-30	bachelors
1797	male	0	45-60	professional
1578	female	0	18-30	bachelors
705	male	0	18-30	professional
4124	male	0	18-30	bachelors
2066	male	0	30-45	bachelors
669	female	0	18-30	bachelors
2656	male	0	18-30	bachelors
1869	male	0	30-45	hs
2720	male	1	18-30	hs
2641	male	0	30-45	hs
1606	male	0	30-45	hs
1400	female	0	45-60	hs
2614	female	1	18-30	professional
1216	male	0	30-45	hs
3512	female	0	18-30	bachelors
2133	male	0	18-30	bachelors
4230	male	0	18-30	hs
1657	male	0	18-30	some
3140	male	0	18-30	bachelors
2669	male	0	18-30	masters
1212	male	0	30-45	masters
363	male	0	18-30	bachelors
2877	male	0	18-30	bachelors
2283	male	0	30-45	hs
2373	female	0	30-45	bachelors
3498	male	0	30-45	hs
3763	male	1	18-30	bachelors
4216	male	0	30-45	professional
3045	female	0	18-30	bachelors
4198	male	0	30-45	professional
3536	female	0	18-30	hs
4202	male	0	30-45	hs
224	male	0	18-30	bachelors
3110	male	0	18-30	bachelors
4080	female	0	Over 60	hs
452	male	0	18-30	bachelors
4300	female	1	18-30	bachelors
3323	male	0		masters
2985	male	0	30-45	bachelors
2611	female	0	18-30	hs
2468	male	0	18-30	bachelors
1942	male	0	18-30	bachelors
2077	male	0	18-30	hs
3379	male	0	30-45	bachelors
2184	male	0	18-30	bachelors
3733	female	0	18-30	bachelors
523	female	0		bachelors
1245	male	1	30-45	bachelors
3444	female	0	18-30	hs
2056	male	0	18-30	bachelors
3061	male	0	30-45	bachelors
2892	female	0	18-30	masters
2537	female	0	30-45	bachelors
591	male	0	30-45	masters
3595	male	0	18-30	masters
654	male	0	30-45	professional
1541	female	0	Under 18	some
2771	male	0	18-30	professional
3300	female	0	30-45	bachelors
886	male	0	18-30	bachelors
3364	male	0	18-30	bachelors
2007	female	0	45-60	bachelors
3565	male	0	30-45	bachelors
3850	female	0	30-45	hs
108	male	0	30-45	professional
2498	female	0	30-45	bachelors
3129	male	0	30-45	bachelors
3262	male	0	30-45	professional
361	male	1	30-45	bachelors
3923	male	0	18-30	bachelors
965	female	0	30-45	hs
2465	male	0	18-30	masters
1935	male	0	45-60	professional
3692	male	0	18-30	professional
3704	female	0	18-30	hs
3772	male	1	18-30	some
2024	male	0	18-30	bachelors
2542	male	0	30-45	bachelors
1364	male	0	18-30	hs
2092	female	1	30-45	bachelors
1374	male	0	30-45	bachelors
3688	female	0	18-30	hs
4027	male	0	18-30	doctorate
4046	male	0	30-45	hs
4052	female	1	30-45	bachelors
1269	male	0	30-45	professional
3468	male	0	30-45	bachelors
3043	male	0	Under 18	hs
1679	male	1	18-30	bachelors
2759	male	0	18-30	hs
589	male	0	30-45	professional
1230	male	0	18-30	hs
356	female	0	30-45	hs
3612	male	0	30-45	hs
2629	male	0	30-45	bachelors
3822	female	0	45-60	hs
4277	male	0	18-30	bachelors
2313	male	0	30-45	hs
2707	male	0	18-30	hs
1671	male	1	18-30	bachelors
3942	male	0	18-30	hs
3695	female	1	30-45	bachelors
2627	female	0	18-30	bachelors
1667	female	0	30-45	bachelors
949	female	0	30-45	hs
567	male	0	18-30	bachelors
1229	female	0	30-45	hs
3728	male	1	18-30	doctorate
3978	male	1	18-30	bachelors
1575	female	1	18-30	hs
1796	female	0		masters
3626	male	1	18-30	masters
2270	male	0	30-45	bachelors
4269	male	0	18-30	bachelors
2407	male	0	30-45	bachelors
4083	female	0	18-30	professional
2548	male	0	18-30	bachelors
2220	male	1		bachelors
2294	male	0	30-45	bachelors
4248	male	0	18-30	masters
1990	male	0	18-30	hs
2158	male	0	45-60	professional
1959	male	0	30-45	bachelors
2057	male	1	18-30	hs
1761	male	1	18-30	bachelors
2944	male	0	30-45	masters
756	male	0	30-45	masters
3277	female	0		bachelors
2072	male	0	18-30	hs
3174	female	0	18-30	bachelors
2684	female	1	18-30	bachelors
2715	female	0	18-30	bachelors
2128	female	0	18-30	bachelors
1749	female	0	18-30	bachelors
3218	female	0	18-30	bachelors
2912	male	0		hs
3877	female	0	18-30	masters
3230	female	0	Under 18	some
3398	female	0	18-30	bachelors
3916	female	0	Under 18	hs
3867	female	0	18-30	bachelors
3214	female	0	18-30	hs
2099	female	0	18-30	hs
3798	female	0	18-30	hs
2952	female	0	18-30	hs
1766	female	0		hs
3204	female	0	Under 18	hs
3208	female	1	Under 18	bachelors
1838	male	0	18-30	bachelors
3202	female	0	18-30	masters
1685	female	0	18-30	hs
2561	female	0	18-30	bachelors
2349	female	0	18-30	hs
3226	female	0	18-30	bachelors
3809	male	0	18-30	some
3866	female	1	18-30	bachelors
1101	female	0	18-30	hs
3211	female	0	18-30	hs
2710	female	0	Under 18	some
3227	female	0	18-30	bachelors
3200	female	1	18-30	bachelors
3216	female	0	18-30	hs
3403	male	0	18-30	some
3274	female	0	18-30	bachelors
3210	female	0	18-30	some
3217	female	0	18-30	bachelors
3231	female	0	18-30	hs
3229	female	0	18-30	hs
1122	female	0	18-30	bachelors
3199	female	0	18-30	hs
3228	female	0	18-30	bachelors
3381	male	0	Under 18	hs
3880	female	0		hs
3219	female	0		bachelors
3796	female	1	18-30	bachelors
2193	male	1	18-30	hs
3224	female	1	18-30	bachelors
3393	female	1	30-45	bachelors
3582	male	0	Under 18	some
392	female	0	18-30	bachelors
2943	female	0		some
1095	female	0	18-30	bachelors
4094	female	0	18-30	hs
1271	male	0	18-30	bachelors
4268	male	0	18-30	hs
2285	male	0	18-30	bachelors
4093	female	0	18-30	bachelors
3119	female	0	18-30	hs
3989	female	0	18-30	bachelors
3358	male	0	18-30	some
3362	male	0	18-30	masters
2575	male	0	18-30	bachelors
4185	male	0	Under 18	masters
4159	male	1	30-45	bachelors
3800	male	0	18-30	hs
3414	female	0	18-30	bachelors
2327	male	0	Under 18	hs
2126	male	1	30-45	masters
3967	female	0	18-30	hs
2100	male	1	30-45	professional
4031	male	0	Under 18	bachelors
1097	male	1	18-30	professional
3907	male	0		professional
2555	male	0		professional
471	male	0	18-30	professional
2822	male	0	30-45	masters
4133	male	0	Under 18	bachelors
4218	male	1	18-30	hs
4118	female	0	18-30	bachelors
3316	male	0	18-30	hs
4129	female	0	Under 18	bachelors
827	male	0	18-30	bachelors
3430	female	0	45-60	masters
3833	male	0	18-30	hs
3220	female	0	18-30	masters
3276	female	0	18-30	masters
4095	female	0	18-30	bachelors
1249	female	0	18-30	bachelors
3266	male	0	18-30	professional
3252	female	0	18-30	bachelors
1762	female	0	18-30	masters
1582	male	1	18-30	hs
3939	male	1		hs
3246	female	1		bachelors
3633	male	0	30-45	bachelors
3268	male	0	18-30	hs
3312	female	1	18-30	hs
1244	female	1	18-30	bachelors
828	male	1	18-30	hs
1250	female	0	18-30	hs
3920	male	1	18-30	hs
2871	female	0	18-30	bachelors
4271	female	0		hs
4284	female	0	18-30	hs
3518	female	0	18-30	bachelors
4114	female	0	18-30	hs
4102	female	0	18-30	hs
4120	female	0	18-30	hs
4112	female	0	18-30	bachelors
3981	female	0	18-30	masters
4265	female	0	18-30	hs
4139	female	0	18-30	hs
3936	female	0	18-30	hs
4115	female	0	18-30	hs
3962	female	0	18-30	hs
4296	male	0	30-45	bachelors
4279	female	0	18-30	hs
3831	male	0		bachelors
4274	male	1	18-30	bachelors
3834	male	0	18-30	masters
3037	female	0	18-30	bachelors
3902	male	0	18-30	bachelors
2844	male	0		hs
3925	male	0	18-30	hs
3306	female	0	18-30	some
4020	male	0	30-45	hs
3021	female	0	18-30	bachelors
3188	female	0		bachelors
3953	female	0	18-30	bachelors
3835	female	0	18-30	hs
1102	female	0	18-30	bachelors
572	female	0	18-30	hs
2358	female	0	18-30	hs
3258	female	0	18-30	bachelors
3251	female	0	18-30	bachelors
3894	male	0	18-30	bachelors
3244	female	0	18-30	hs
3260	female	0	18-30	hs
2897	female	0	18-30	bachelors
3254	male	0	18-30	bachelors
3383	female	0	18-30	hs
28	female	0	30-45	bachelors
3372	female	0	18-30	bachelors
3465	female	1	18-30	bachelors
3378	male	0	30-45	bachelors
3898	male	0		hs
618	male	1	45-60	bachelors
3387	male	0	18-30	bachelors
4136	male	0	18-30	bachelors
4229	male	1	45-60	hs
2262	female	0	18-30	hs
3976	male	0	18-30	bachelors
4147	male	0	30-45	bachelors
1978	male	0	18-30	bachelors
3983	female	0	18-30	hs
2862	male	0	18-30	bachelors
2957	female	0	18-30	bachelors
3354	female	0	18-30	hs
3388	female	0	18-30	bachelors
1479	female	0	30-45	masters
3236	male	0	18-30	hs
1806	male	0		hs
2533	female	0	18-30	hs
3982	female	0	18-30	bachelors
3957	male	1	18-30	bachelors
1412	male	0	18-30	hs
3384	male	0	18-30	bachelors
3296	female	0	18-30	bachelors
1499	female	0	18-30	bachelors
3814	male	0	18-30	bachelors
3314	male	0	18-30	hs
2263	female	0	18-30	bachelors
1982	male	0	18-30	bachelors
3253	female	0		masters
2911	female	0		hs
3808	male	1	18-30	bachelors
1580	female	0	18-30	hs
2997	male	0	18-30	bachelors
2863	male	1		masters
3956	male	0	18-30	hs
3391	male	1	18-30	bachelors
3371	male	1	18-30	bachelors
3340	male	0	18-30	bachelors
1563	male	0	18-30	hs
3356	male	0	18-30	hs
1376	male	1	18-30	hs
4280	female	0	18-30	bachelors
2817	male	0	18-30	hs
3267	male	0		masters
3271	male	0		masters
3361	male	0	18-30	bachelors
709	male	0	Under 18	some
2413	female	1	Under 18	hs
1011	male	1	18-30	bachelors
3802	female	0	18-30	hs
3350	female	1	18-30	bachelors
4105	female	0	18-30	bachelors
3405	male	1	Under 18	hs
3960	male	0	18-30	bachelors
3342	male	0	18-30	bachelors
4177	male	0	18-30	bachelors
3022	male	1	18-30	bachelors
4000	male	1	18-30	hs
4026	male	1	18-30	bachelors
3999	female	1	18-30	bachelors
4206	female	0	Over 60	bachelors
3438	male	1	18-30	bachelors
3185	male	0	18-30	hs
3963	male	1	18-30	bachelors
3347	male	0	18-30	bachelors
4153	male	0	18-30	bachelors
2331	female	0	18-30	bachelors
3437	male	1	18-30	bachelors
3337	male	0	18-30	bachelors
3602	male	0	18-30	bachelors
3410	male	0	18-30	bachelors
4126	male	0	18-30	bachelors
3166	male	0	18-30	bachelors
2076	male	0	18-30	bachelors
1398	male	0	18-30	bachelors
4182	male	0	18-30	bachelors
2001	female	0	30-45	hs
1015	male	0	18-30	hs
921	female	0	18-30	hs
1222	female	1	30-45	bachelors
3460	female	0	Over 60	professional
1008	male	0	30-45	bachelors
1839	male	0	18-30	masters
4030	female	1	18-30	bachelors
2721	female	0	45-60	hs
2333	male	0	30-45	bachelors
2898	female	0	18-30	professional
3946	male	0		bachelors
4186	male	0		hs
3020	male	0		hs
3812	male	0	30-45	masters
3321	male	0	Under 18	hs
3861	female	0	Under 18	hs
1147	female	1	30-45	hs
359	female	0	18-30	bachelors
2848	male	0	18-30	masters
4171	male	0	18-30	bachelors
3568	female	0	30-45	bachelors
2697	female	1	30-45	hs
4004	male	0	30-45	bachelors
2679	male	0	18-30	bachelors
2293	male	0	18-30	professional
268	male	0	18-30	bachelors
3875	female	1	18-30	bachelors
1821	female	0	45-60	professional
871	female	0	30-45	professional
3933	male	0	18-30	professional
885	male	0	18-30	professional
2963	male	0		bachelors
2881	male	0	18-30	bachelors
3540	male	0	45-60	hs
4106	male	0	18-30	hs
2647	male	0	18-30	hs
3717	female	0	18-30	professional
954	male	0	18-30	professional
3124	male	1	30-45	hs
2115	male	0	18-30	bachelors
1248	female	0	18-30	bachelors
3490	male	0	18-30	hs
2070	male	0	30-45	bachelors
3589	female	0	18-30	professional
1388	male	0	18-30	bachelors
919	female	0	18-30	hs
700	female	0	18-30	hs
2797	male	0	18-30	hs
2264	female	0	30-45	bachelors
3882	female	0	18-30	bachelors
2004	female	0	30-45	masters
1277	female	0	30-45	bachelors
3311	male	0	30-45	bachelors
3451	male	0	18-30	hs
2167	male	0	18-30	bachelors
2543	male	0	18-30	professional
3718	female	1	30-45	hs
155	female	0	30-45	hs
3480	male	0	18-30	professional
4299	male	0	18-30	hs
2061	male	0	18-30	bachelors
4169	female	1	30-45	professional
2477	male	1	30-45	hs
3739	male	0	18-30	hs
3656	male	0	30-45	hs
2361	female	0	18-30	masters
4162	female	1	30-45	bachelors
3998	female	0	18-30	bachelors
3453	male	0	30-45	hs
3594	female	1	30-45	bachelors
2667	male	0	30-45	bachelors
3669	female	1	45-60	bachelors
3152	male	0	18-30	hs
4039	male	0	18-30	hs
3097	male	1	18-30	bachelors
4163	male	0	30-45	some
1837	female	1	18-30	bachelors
3950	male	0	30-45	masters
4101	male	0	18-30	masters
3370	male	0	18-30	hs
2545	female	0	18-30	bachelors
3780	male	1	18-30	bachelors
3971	male	0	18-30	bachelors
3951	male	0	18-30	hs
3741	male	0	18-30	hs
4189	female	0	18-30	hs
2601	male	0	18-30	hs
3096	male	0	18-30	bachelors
2075	female	0	30-45	bachelors
2180	female	0	30-45	hs
2885	male	0	18-30	bachelors
307	female	0	30-45	professional
1387	male	1	30-45	masters
1510	male	0	18-30	bachelors
4235	female	0	18-30	hs
3158	male	0	18-30	bachelors
2932	female	0	Under 18	hs
4078	male	0	30-45	bachelors
2410	female	0	18-30	bachelors
3463	female	1	18-30	bachelors
2032	male	0	18-30	bachelors
2849	female	1	30-45	bachelors
1225	male	0	30-45	hs
1120	male	0	30-45	masters
4071	male	0	18-30	bachelors
3797	male	0	18-30	bachelors
3940	male	0	18-30	some
2226	male	1	18-30	hs
1065	female	1	18-30	hs
3915	male	0	18-30	masters
3811	male	0	30-45	professional
388	female	0	18-30	masters
2624	female	0	18-30	masters
2695	female	0	18-30	bachelors
3292	male	1		hs
1763	male	0	18-30	bachelors
3304	male	1	18-30	masters
2277	male	0	18-30	bachelors
2096	male	1		hs
3280	female	0	18-30	bachelors
3225	male	0	18-30	bachelors
2644	male	0	18-30	bachelors
3201	female	0	18-30	bachelors
1801	female	1	18-30	bachelors
2706	female	0	18-30	bachelors
2637	male	1	18-30	masters
2714	female	1	18-30	bachelors
2433	female	0	18-30	bachelors
3353	male	0	18-30	bachelors
1096	female	0	18-30	bachelors
2357	female	0	18-30	bachelors
2724	female	1	18-30	masters
1177	female	1	18-30	masters
2705	male	0	18-30	masters
2887	male	0	18-30	masters
1871	male	0	18-30	bachelors
1752	male	0	18-30	hs
2638	male	0	18-30	hs
2609	male	1	18-30	bachelors
1687	female	0	18-30	bachelors
2132	female	0	18-30	bachelors
2142	male	0	30-45	bachelors
389	male	0	18-30	bachelors
674	female	0	18-30	bachelors
3462	male	0	30-45	hs
2532	female	0	18-30	masters
3249	male	0	18-30	bachelors
393	male	0	18-30	bachelors
1280	male	0	30-45	masters
4005	male	1	18-30	some
1979	male	1	18-30	professional
3666	female	1	30-45	hs
2585	male	0	18-30	some
1371	male	0	18-30	hs
3242	male	0	18-30	hs
2398	male	0	18-30	professional
727	male	0	18-30	bachelors
1445	male	0	18-30	some
1090	male	1	45-60	bachelors
4152	male	0	30-45	bachelors
3493	male	0	18-30	hs
3806	male	0	30-45	professional
4066	male	0	45-60	hs
4048	male	0	18-30	hs
1504	female	1	30-45	hs
4298	female	1	18-30	hs
340	male	0	18-30	hs
3115	female	0	18-30	bachelors
3495	male	0	18-30	masters
160	female	0	30-45	hs
4128	female	0	30-45	hs
4297	male	1	Over 60	professional
566	female	0	18-30	bachelors
570	female	0	18-30	bachelors
3753	male	0		bachelors
690	male	0	30-45	bachelors
4029	male	0	18-30	hs
3123	female	0	45-60	bachelors
4041	female	0	30-45	bachelors
3841	male	1	45-60	hs
1659	female	0	30-45	professional
2471	male	0	18-30	professional
1966	female	0	30-45	hs
3511	male	0	45-60	professional
2626	male	1	30-45	hs
4224	female	0	30-45	bachelors
2160	male	0	18-30	professional
4259	male	0	18-30	hs
3844	female	0	30-45	professional
826	female	0	30-45	bachelors
2316	male	0	Under 18	hs
2273	female	0	30-45	bachelors
4138	female	1		hs
2653	male	0	30-45	professional
593	female	0	30-45	professional
3265	male	0	30-45	hs
3734	female	0	45-60	masters
3243	male	1	18-30	doctorate
2106	female	0	45-60	bachelors
4016	female	0	30-45	masters
3111	female	0	30-45	masters
297	female	1	30-45	hs
2328	male	0	18-30	bachelors
2159	male	0	30-45	hs
3774	female	1	30-45	hs
832	female	0	30-45	hs
3779	male	1	18-30	masters
2155	female	0	18-30	some
3412	female	0	30-45	hs
3074	female	1	30-45	bachelors
2870	female	1	30-45	hs
1892	female	0	30-45	hs
2723	male	1	18-30	hs
1193	male	0	18-30	professional
2582	male	0	18-30	masters
4188	male	1	Under 18	hs
2914	male	0	18-30	bachelors
2002	male	1	18-30	bachelors
3974	male	0	18-30	hs
1708	male	1	18-30	bachelors
3095	male	1	30-45	masters
3335	male	0	30-45	hs
3069	female	0	18-30	bachelors
3390	male	1	Over 60	bachelors
146	male	0	18-30	bachelors
2282	male	0	30-45	hs
258	male	0	45-60	professional
1877	male	0	30-45	hs
3724	female	0	30-45	bachelors
2890	male	0	18-30	masters
2256	male	0	18-30	bachelors
3348	female	0	30-45	masters
3810	male	0	30-45	bachelors
4008	female	0	30-45	bachelors
4045	male	0	30-45	masters
4181	male	0	18-30	hs
2181	male	0	18-30	bachelors
3448	male	0	Under 18	some
664	male	1	30-45	hs
1262	female	0	30-45	professional
3749	male	0	18-30	bachelors
2948	female	0	45-60	bachelors
3708	male	0	30-45	hs
4221	male	0	18-30	professional
4103	male	1	45-60	professional
2248	male	1	30-45	doctorate
1099	male	1	45-60	bachelors
3832	female	0	45-60	bachelors
521	female	0	30-45	professional
3190	female	1	18-30	hs
3913	female	0	18-30	some
2727	female	0	18-30	some
2359	female	0	18-30	some
3301	female	1	18-30	bachelors
3086	female	1	30-45	masters
4155	male	1	30-45	masters
3857	female	1	30-45	masters
390	female	0	18-30	professional
2098	female	0	30-45	masters
2913	male	0	30-45	masters
1981	male	0	18-30	bachelors
3205	female	0	30-45	professional
3681	female	1	30-45	masters
3550	female	1	45-60	bachelors
4211	female	0		hs
825	female	0	18-30	bachelors
2046	male	1	18-30	masters
894	male	0		hs
556	male	0	18-30	hs
4205	male	1	30-45	professional
4199	female	0	30-45	hs
2366	male	0	Under 18	bachelors
2954	male	0	18-30	professional
1232	female	1	18-30	bachelors
587	female	1	30-45	masters
2600	male	1	18-30	hs
1495	female	0	18-30	bachelors
1478	male	0	18-30	hs
2618	female	0	18-30	bachelors
1701	female	0	30-45	professional
1279	male	0	18-30	hs
1794	female	0	45-60	masters
4035	male	0	30-45	bachelors
1601	male	0	18-30	hs
3443	male	0	18-30	bachelors
2274	male	0	18-30	bachelors
1699	male	0	18-30	professional
3153	female	1	18-30	hs
1014	male	1		bachelors
1863	male	0	30-45	bachelors
3783	male	0	18-30	bachelors
4275	male	0	18-30	bachelors
3324	male	0	18-30	masters
3516	male	1	18-30	bachelors
3807	male	0	18-30	bachelors
3587	male	1	30-45	masters
3948	male	1	30-45	bachelors
4243	female	0	18-30	hs
1926	female	0	30-45	some
3018	female	0	45-60	professional
555	male	0	18-30	bachelors
3482	male	0	18-30	bachelors
1172	male	0	18-30	hs
2570	male	0	30-45	bachelors
3604	female	1	18-30	bachelors
2617	male	0	30-45	masters
1146	male	0	30-45	masters
418	male	1	18-30	professional
3382	male	0	18-30	bachelors
170	female	0	18-30	bachelors
1322	male	1	18-30	hs
3058	female	1	18-30	hs
3830	female	1	30-45	bachelors
1732	female	1	18-30	professional
3641	male	1	18-30	bachelors
2816	male	1	18-30	bachelors
4239	male	1	30-45	hs
2345	male	0	18-30	hs
3082	female	0	18-30	bachelors
3959	female	0	18-30	bachelors
3954	female	0	18-30	bachelors
3418	female	0	18-30	bachelors
3745	male	0	18-30	bachelors
1803	male	0	18-30	hs
1976	male	0	18-30	bachelors
1176	male	1	18-30	bachelors
2172	female	1	45-60	hs
2404	female	0	18-30	professional
3631	male	0	30-45	hs
1924	male	0	18-30	hs
4025	male	0	18-30	hs
2139	female	1	18-30	bachelors
945	female	1	30-45	hs
2632	male	0	18-30	masters
3941	male	0	30-45	bachelors
3028	male	0	30-45	hs
2149	female	1	18-30	professional
3620	male	1	30-45	masters
2755	female	1	18-30	bachelors
3819	male	0	18-30	bachelors
3078	female	0	18-30	hs
3712	male	0	18-30	bachelors
2981	female	0	30-45	bachelors
3883	male	0	18-30	bachelors
2033	male	0	30-45	masters
615	female	0	18-30	professional
2568	male	0	18-30	hs
1785	female	1	45-60	bachelors
3709	male	0	18-30	bachelors
4096	female	1	30-45	bachelors
4056	female	0	18-30	hs
3635	male	0	30-45	professional
1858	male	1	18-30	professional
1331	male	0	18-30	hs
1776	male	0	Under 18	bachelors
585	male	0	45-60	bachelors
3006	female	0	18-30	bachelors
3879	female	0	18-30	bachelors
2622	female	0	18-30	bachelors
3504	male	0	18-30	hs
3397	female	1	18-30	hs
1119	male	0	18-30	hs
2302	male	0	18-30	hs
1171	male	0	18-30	masters
4038	female	0	30-45	masters
3650	male	0	30-45	professional
2762	male	0	18-30	hs
383	male	0	30-45	professional
3537	male	0	18-30	bachelors
4090	male	0	18-30	professional
2491	male	0	18-30	hs
786	male	0	18-30	hs
2029	male	1	18-30	hs
677	male	0	45-60	bachelors
2034	female	0	Over 60	hs
1150	female	0	45-60	professional
1278	male	0	30-45	professional
1722	female	0	18-30	professional
3975	male	0	18-30	bachelors
1210	male	0	45-60	professional
3126	male	1	30-45	bachelors
1673	male	0	18-30	bachelors
2053	female	0	45-60	hs
2550	female	0	18-30	bachelors
3586	male	1		masters
2736	female	1	18-30	bachelors
3543	female	1	18-30	hs
3840	female	1	30-45	professional
3742	male	0	18-30	masters
3241	male	0	18-30	bachelors
3195	male	1	18-30	bachelors
2131	female	0	18-30	hs
1258	male	0	18-30	masters
3683	male	1	18-30	bachelors
3066	male	0	18-30	hs
3270	male	0		hs
3740	female	0	45-60	hs
892	female	0	18-30	hs
3735	female	0	30-45	professional
1706	female	0	30-45	bachelors
1811	male	0	18-30	bachelors
3109	male	0	30-45	masters
4261	male	0	18-30	bachelors
2845	male	0		bachelors
3116	female	1	30-45	hs
3836	female	1	30-45	hs
1323	male	0	30-45	masters
2790	male	0	18-30	bachelors
4154	male	1	Under 18	hs
3613	female	0	30-45	hs
440	male	0	18-30	bachelors
2011	male	0	18-30	hs
4251	female	0	30-45	some
3203	female	1	18-30	masters
1027	female	1	45-60	hs
3149	female	1	30-45	bachelors
3711	male	0	18-30	hs
3	female	0	18-30	bachelors
2260	male	0	18-30	bachelors
3309	female	0	18-30	bachelors
3352	female	0	18-30	bachelors
3302	female	0	18-30	masters
3912	female	0	18-30	masters
1466	male	0	30-45	bachelors
3908	female	0	18-30	masters
3376	female	0	18-30	hs
3627	male	0	18-30	hs
4032	female	1	18-30	hs
2245	female	0	18-30	masters
4255	male	0	18-30	bachelors
2023	male	0	18-30	hs
2469	male	0	18-30	bachelors
3878	female	0	30-45	hs
3402	female	0	18-30	bachelors
792	female	0	18-30	bachelors
133	female	0	45-60	hs
1670	female	0	18-30	bachelors
2310	male	0	18-30	bachelors
3136	male	1	45-60	bachelors
2010	male	0	18-30	bachelors
624	male	0	18-30	hs
4166	female	0	18-30	bachelors
4223	female	1	18-30	hs
3609	male	0	30-45	professional
4097	male	1	18-30	bachelors
3101	female	1	30-45	hs
594	male	1	18-30	hs
4131	male	0	18-30	masters
3876	female	1	30-45	professional
2042	male	0	18-30	hs
4203	male	0	18-30	hs
4172	male	0	45-60	masters
3605	male	1	30-45	bachelors
2153	male	0	18-30	hs
1652	female	0	30-45	bachelors
1902	male	1	18-30	bachelors
831	female	0	18-30	hs
3781	male	1	30-45	hs
3139	male	0	18-30	bachelors
922	male	1		bachelors
2680	male	0	18-30	bachelors
3752	female	0	18-30	bachelors
3899	male	0	18-30	bachelors
3189	female	0	18-30	bachelors
1105	female	0	18-30	bachelors
2192	female	1	Under 18	hs
2692	female	0	30-45	hs
4160	male	0	45-60	bachelors
